;9;
-;7;
/etext;1;
11345txt;1;
11345zip;1;
1a;1;
1b;1;
1c;2;
1d;1;
1e;2;
1e1;5;
1e2;1;
1e3;1;
1e4;1;
1e5;1;
1e6;1;
1e7;3;
1e8;4;
1e9;3;
1f;1;
1f1;1;
1f2;1;
1f3;4;
1f4;1;
1f5;1;
1f6;1;
501c3;2;
596-1887;1;
64-6221541;1;
abide;1;
ability;1;
able;8;
abolished;1;
about;18;
above;3;
absence;1;
absolutely;3;
absorbed;1;
accept;2;
accepted;2;
accepting;1;
access;10;
accessed;1;
accessible;1;
accordance;2;
according;3;
account;2;
accustomed;2;
acquire;2;
acquired;1;
act;2;
action;11;
actions;3;
active;2;
activities;4;
activity;6;
acts;3;
actual;1;
actually;1;
adapt;1;
add;2;
addition;1;
additional;4;
additions;1;
address;2;
addresses;2;
admiration;2;
admired;1;
adopt;1;
advantage;3;
advice;2;
affected;1;
affection;4;
affectionate;2;
afraid;1;
again;9;
against;6;
age;4;
aged;1;
agent;1;
agitators;1;
agree;9;
agreed;1;
agreement;18;
aid;1;
aiding;1;
ailments;1;
aim;1;
ak;1;
alcyone;2;
alert;3;
all;98;
allow;5;
allowed;5;
allusions;1;
almighty;1;
almost;4;
alone;4;
along;6;
already;7;
also;27;
altar;1;
alteration;1;
alternate;1;
alternative;1;
always;21;
am;5;
among;10;
amongst;1;
amount;3;
amusing;1;
ancient;2;
anger;6;
angry;4;
animal;2;
animals;6;
annie;2;
annoyance;2;
annoying;1;
answer;3;
anxiety;3;
anxious;3;
anywhere;2;
apart;1;
appear;2;
appearance;1;
appearing;1;
appears;2;
applicable;3;
application;4;
applied;3;
apply;2;
approach;1;
apt;2;
archive;13;
area;2;
argument;1;
arise;4;
arnold;1;
around;4;
arousing;1;
arranged;1;
arrangement;1;
arrangements;1;
array;1;
arundale;4;
arundale--with;1;
as-is;1;
ascii;3;
ask;2;
asked;1;
asking;1;
aspirations;3;
assistance;1;
associate;1;
associated;8;
asunder;1;
athletic;1;
atmosphere;6;
attached;2;
attain;1;
attend;2;
attended;2;
attention;22;
attitude;1;
attract;1;
attracted;2;
attracting;1;
attractive;1;
attribute;1;
audience;1;
august;1;
author;2;
authority;3;
authors;1;
available;2;
average;1;
avoid;1;
awaken;1;
awakened;1;
away--you;1;
back;5;
background;1;
bad;6;
badge;1;
badly;1;
band;1;
bare;2;
barriers;1;
based;6;
bear;2;
beautiful;3;
beautifully;1;
beauty;1;
because;23;
become;20;
becomes;8;
becoming;2;
bed;1;
been;26;
beforehand;1;
beg;1;
begin;4;
beginning;3;
begins;2;
behind;1;
being;9;
beliefs;2;
believe;1;
believing;1;
belong;5;
belonging;1;
belongs;1;
beloved;2;
below;5;
benares;2;
besant;3;
besides;2;
best;12;
better;11;
between;15;
beyond;5;
bhagavad;1;
binary;1;
birds;1;
blame;1;
blended;1;
blessing;1;
blind;1;
blossom;1;
boarding-house;1;
boarding-houses;1;
body;8;
book;8;
booklet;1;
books;1;
born;2;
both;13;
bound;3;
boy;76;
boy-scout;1;
boys;128;
boys--is;1;
branch;1;
branches;1;
brave;2;
bravely;2;
breach;2;
breaking;2;
breed;1;
brethren;1;
bridges;1;
bright;2;
brighter;2;
bring;9;
broken;1;
brooding;1;
broods;1;
brother;3;
brotherhood;7;
brothers;4;
brought;6;
brutality;3;
build;1;
building;2;
builds;1;
burns;1;
business;3;
business@pglaforg;1;
busy;1;
calculate;1;
calculated;1;
call;3;
called;4;
calling;1;
calls;2;
calmness;1;
came;1;
can;54;
candle;1;
cane;2;
cannot;16;
capacities;5;
capacity;2;
captain;1;
card;1;
care;8;
careers;1;
careful;7;
carefully;4;
carelessly;2;
carelessness;1;
cares;3;
carried;5;
carry;3;
case;3;
cases;1;
caste;2;
cause;5;
caused;4;
causes;3;
causing;1;
cease;3;
ceases;1;
central;5;
centre;3;
certain;3;
cessation;1;
chair;1;
chance;1;
change;2;
changing;1;
channels;4;
character;8;
characters;3;
charge;8;
charges;1;
charitable;1;
charities;1;
check;3;
checked;1;
checks;1;
cheerful;9;
cheerfully;2;
cheerfulness;9;
chicago;1;
chief;3;
chiefly;2;
child;7;
childhood;1;
children;20;
childs;1;
choice;2;
choose;3;
choosing;3;
chopped;1;
circumstances;1;
citizen;1;
citizens;1;
citizenship;1;
city;1;
civilised;1;
claim;1;
class;3;
class-room;4;
classed;1;
classes;2;
clean;2;
cleanliness;1;
clear;1;
clearly;3;
clever;1;
cleverest;1;
closely;1;
clubs;2;
co-operate;1;
codes;1;
coercion;1;
collection;4;
college;10;
colour;1;
come;14;
comes;7;
comfortable;1;
coming;5;
commercial;1;
commit;1;
committed;1;
common;10;
companions;2;
compatibly;1;
complaint;1;
complaints;1;
complete;2;
completely;2;
compliance;5;
comply;6;
complying;3;
compressed;2;
concentrate;5;
concentration;2;
concept;2;
concerning;2;
concerns;1;
condition;2;
conditions;4;
conduct;7;
confidence;10;
confident;3;
confiding;1;
confirmation;1;
confirmed;1;
confuse;1;
connection;3;
conquers;1;
conquests;1;
conscious;1;
consciously;1;
consciousness;1;
consecrated;1;
consequential;1;
consider;1;
considerable;2;
consideration;3;
considered;1;
considering;1;
constant;7;
constantly;2;
consult;1;
consultation;1;
contact;5;
contain;2;
containing;1;
contempt;2;
contemptuously;1;
contented;5;
contenting;1;
contents;1;
continual;4;
continually;5;
continued;1;
contract;1;
contribution;2;
contributions;2;
control;12;
controlled;1;
convert;1;
convictions;1;
copied;2;
copies;7;
copy;14;
copying;4;
corporal;1;
corporation;1;
corrected;1;
corresponding;1;
corrupt;1;
cost;4;
costs;3;
could;3;
countries;7;
country;13;
courage;3;
courageous;1;
course;6;
courtesy;1;
cramp;1;
created;3;
creates;1;
creating;4;
creation;2;
creatures;4;
credit;2;
creed;1;
crime;2;
crimes;2;
critical;1;
crossing;1;
crowd;1;
cruel;5;
cruelties;1;
cruelty;12;
cured;1;
current;1;
custom;4;
customs;6;
cynicism;1;
daily;5;
damage;2;
damaged;1;
damages;4;
dare;1;
data;1;
date;5;
day;18;
days;6;
dealing;1;
dear;4;
debate;1;
debating;1;
deciding;1;
decisions;1;
dedicated;1;
dedicating;1;
deductible;1;
defeat;1;
defeated;1;
defect;4;
defective;3;
defects;2;
definitely;2;
degree;1;
deletions;1;
deliberately;1;
delight;1;
demand;1;
department;3;
departments;1;
depend;1;
depended;1;
depends;3;
depressed;5;
depressing;2;
depression;4;
derivative;3;
derive;1;
derived;1;
described;1;
deserts;1;
desirable;1;
desire;13;
desirelessness;6;
desires;4;
desiring;2;
despise;2;
despite;1;
destroy;5;
detach;1;
details;3;
determine;1;
develop;2;
developed;1;
developing;1;
development;4;
devil;1;
devote;2;
devoted;1;
devotion;4;
dharma;5;
die;3;
dies;2;
differ;2;
difference;3;
differences;2;
different;11;
difficult;11;
difficulties;9;
difficulty;2;
digit;1;
digits;1;
dignity;1;
diminishes;1;
dipping;1;
direct;2;
directed;1;
direction;2;
directions;1;
directly;3;
director;1;
directories;1;
directory;1;
directs;1;
dirt;1;
disappear;4;
disappear--not;1;
disapproval;1;
disaster;1;
discharge;1;
disciple;2;
disciples;2;
discipline;2;
disclaim;1;
disclaimer;3;
disclaimers;1;
discomfort;1;
discontented;4;
discontinue;1;
discourage;1;
discover;1;
discovered;1;
discretion;1;
discriminating;1;
discrimination;11;
disk;1;
dislike;3;
display;1;
displayed;1;
displaying;4;
displays;1;
distance;1;
distinctly;1;
distinguishes;1;
distorting;1;
distribute;6;
distributed;6;
distributing;7;
distribution;6;
distributor;1;
district;1;
distrust;3;
disturbance;1;
disturbed;1;
divine;6;
divinity;3;
do;48;
do--not;1;
docile;1;
doctor;1;
doctrine;1;
doctrines;1;
doer;2;
does;17;
doing;7;
domain;8;
dominant;1;
donate;3;
donation;1;
donations;15;
done;22;
donors;1;
door;1;
doubt;2;
down;7;
download;2;
downloading;1;
dr;3;
dragged;1;
dramatic;1;
draw;4;
drawn;3;
draws;4;
dream;1;
dreams;1;
dress;3;
drive;2;
dropping;1;
due;3;
dull;3;
duller;1;
during;12;
duties;5;
duty;19;
e-mail;1;
eager;7;
eagerness;2;
ear;1;
early;6;
earn;1;
earnestly;1;
earths;1;
ease;1;
easier;3;
easily;2;
easy;5;
eat;1;
ebooks;14;
echo;1;
edition;1;
editions;5;
education;15;
educational;3;
effect;3;
effort;5;
efforts;4;
ego;1;
eight;1;
ein;1;
either;3;
elder;7;
elders;1;
elect;1;
electronic;27;
electronically;2;
elevating;1;
elixir;1;
else;4;
email;3;
embitter;1;
embody;2;
emotions;1;
empire;1;
employee;1;
employees;2;
employment;1;
empty;1;
enable;2;
enables;1;
encoding;1;
encourage;1;
encouraged;1;
encouragement;1;
encourages;1;
encouraging;1;
end;6;
endeavour;2;
ends;3;
energies;3;
energy;4;
engage;1;
england;1;
english;2;
enjoying;1;
enough;7;
enriched;1;
ensuring;1;
entered;1;
enters;3;
enthusiasm;10;
enthusiasms;1;
entirely;3;
entity;3;
entrusted;1;
equal;1;
equally;2;
equipment;3;
errors;1;
escape;2;
especially;6;
essence;1;
essential;1;
etext;5;
even;26;
ever;6;
every;9;
everybody;1;
everything;5;
evil;2;
evolution;9;
exaggerate;1;
exaggerated;1;
exaggerations;1;
examination;2;
examinations;1;
example;11;
excel;1;
except;4;
excessive;1;
exclusion;1;
excuse;2;
executive;1;
exempt;2;
exercises;1;
exert;1;
exist;1;
existed;1;
exists;2;
expend;1;
expense;2;
expenses;2;
experience;2;
experience--to;1;
experienced;1;
experiences;1;
explain;2;
explained;1;
explains;1;
explanation;2;
exporting;1;
express;2;
expression;1;
expressly;1;
expulsion;1;
extent;3;
external;1;
extraneous;1;
eye;2;
eye-disease;1;
eye-diseases;1;
eyes;4;
f3;1;
face;3;
faces;2;
facility;1;
fact;4;
failed;1;
faint;1;
fairbanks;1;
faith;2;
faithfully;2;
faiths;1;
fall;1;
fallen;1;
false;1;
family;12;
fanaticism;1;
far;8;
fate;1;
father;5;
fault;2;
faults;4;
fear;5;
february;1;
federal;2;
fee;8;
feel;10;
feeling;13;
feelings;3;
feels;3;
fees;4;
feet;4;
fellow;1;
fellow-students;1;
felt;2;
festivals;1;
few;3;
field;1;
fields;1;
fight;1;
file;5;
filed;2;
filename;5;
filenames;1;
files;2;
fill;3;
filled;1;
filling;1;
finally;1;
financial;1;
find;9;
findeth;1;
finding;1;
fire;2;
first;14;
fit;4;
fitness;1;
fitted;1;
fitting;1;
fix;2;
flame;1;
fleeting;1;
flesh;1;
follow;3;
followed;1;
following;5;
food;5;
foolish;3;
for;171;
forbidden;1;
force;4;
forcing;2;
foreword;1;
forget;2;
forgets;1;
forgotten;2;
form;8;
formal;1;
format;4;
formats;3;
formed;2;
forms;4;
forth;9;
forward;3;
found;7;
foundation;24;
foundations;3;
four;1;
free;9;
freely;4;
frequent;1;
frequently;2;
fresh;1;
friend;4;
friends;2;
friendship;1;
frighten;1;
from;65;
fulfil;1;
full;22;
fuller;1;
fully;1;
functions;1;
further;1;
future;11;
gain;4;
gained;2;
gaining;4;
game;2;
games;6;
gate;1;
gates;2;
gave;2;
gbnewby@pglaforg;1;
general;5;
generally;7;
generation;2;
generations;2;
generous;2;
gentle;2;
gentleness;7;
gently;4;
germs;1;
get;5;
getting;3;
girls;1;
gita;1;
give;12;
given;9;
gives;4;
giving;2;
glad;3;
gloom;2;
gloomy;1;
glory;1;
go;8;
goal;1;
goals;1;
god;6;
gods;6;
goes;2;
going;2;
good;33;
good-tempered;1;
gossip;2;
gossiping;1;
gossips;1;
got;1;
govern;1;
government;2;
gradually;5;
granted;1;
gratefully;1;
gratitude;1;
great;23;
greater;3;
greatest;2;
greatness;2;
gregory;1;
gross;1;
grounds;1;
group;1;
groups;1;
grow;10;
growing;3;
grows;4;
growth;4;
gs;3;
guard;1;
guidance;1;
guide;6;
guided;1;
guides;3;
gutenberg-tm;56;
gutenberg-tms;1;
habit;3;
habits;1;
habitually;1;
had;4;
hair;1;
hand;3;
hands;3;
happen--doing;1;
happened;1;
happens;1;
happier;5;
happiest;2;
happily;1;
happiness;9;
happy;13;
hardly;1;
hardship;1;
harm;4;
harmful;3;
harmless;1;
harmlessness;1;
harmonious;2;
harmony;2;
harshly;1;
hart;2;
has;70;
hastily;1;
hasty;3;
hatred;4;
have;69;
head;4;
healthy;4;
hear;1;
heard;2;
heart;1;
heartily;1;
heartless;1;
hearts;2;
hearty;1;
heaven-world;1;
held;1;
help;35;
helped;2;
helper;1;
helpers;1;
helpful;2;
helpfulness;1;
helping;10;
helpless;1;
helps;1;
hence;2;
here;2;
heroic;1;
hiding;1;
high;4;
higher;9;
highest;4;
hindu;5;
hindus;1;
history;2;
hold;4;
holder;4;
holy;3;
home;21;
home-lessons;1;
homes;1;
homework;1;
honour;6;
honourable;1;
honourably;1;
hope;4;
hopes;3;
hour;1;
hours;7;
household;1;
how;27;
however;7;
html;1;
https//gutenbergorg/license;1;
https//pglaforg;2;
https//pglaforg/donate;1;
https//pglaforg/fundraising;1;
https//wwwgutenbergorg;1;
https//wwwgutenbergorg/1/0/2/3/10234;1;
https//wwwgutenbergorg/1/1/3/4/11345/;1;
https//wwwgutenbergorg/2/4/6/8/24689;1;
https//wwwgutenbergorg/etext06;1;
https//wwwgutenbergorg/gutindexall;1;
https//wwwpglaforg;1;
human;1;
humanity;1;
hundreds;2;
hungry;1;
hunting;1;
hurt;1;
husband;1;
husk;1;
hypertext;1;
hypocrites;1;
idea;4;
ideal;18;
ideals;13;
ideas;1;
identical;1;
identification;1;
identify;1;
ie;1;
ignorance;4;
ignorant;2;
ii;2;
iii;2;
ill;3;
illustrations;1;
imagining;2;
immediate;2;
immense;1;
impart;1;
impatience;6;
impatient;4;
imperative;1;
imperfect;1;
implied;2;
importance;3;
importance--confidence;1;
important;13;
imposed;2;
imposing;2;
impossible;2;
improve;2;
improved;1;
improvement;2;
impulses--unbalanced;1;
in;372;
in--with;1;
inaccurate;1;
inattentively;1;
incident;1;
incidental;1;
include;2;
included;3;
includes;1;
including;10;
incomplete;1;
increase;1;
increased;2;
increases;3;
increasing;3;
indeed;4;
indemnify;1;
indemnity;1;
india;15;
indian;6;
indians;1;
indicate;1;
indicating;1;
indirect;1;
indirectly;1;
indispensable;1;
individual;6;
inferior;1;
influence;7;
influences;2;
information;8;
infringement;1;
initiation;1;
injured;1;
injustice;1;
inseparable;1;
inspected;1;
inspections;1;
inspiration;3;
inspire;2;
inspires;1;
inspiring;2;
instance;1;
instead;18;
institution;1;
instructions;2;
instructor;2;
instruments;1;
insuperable;1;
intellectual;2;
intelligent;1;
intended;6;
intense;1;
intensity;1;
intentional;3;
intentionally;1;
interest;9;
interested;3;
interesting;6;
interests;4;
interference;1;
internal;1;
international;2;
interplay;1;
interposition;1;
interpreted;1;
intervals;1;
into;22;
introduction;1;
intuition;1;
invalidity;1;
invent;1;
involved;1;
involves;3;
irrespective;1;
irritability;3;
irritable;1;
irs;1;
is;299;
its;16;
iv;2;
j;5;
jealous;1;
join;3;
joy;2;
joyous;1;
judgment;1;
juliet;2;
just;9;
justice;1;
justified;1;
karma;4;
keener;1;
keep;12;
keeping;2;
kept;2;
kill;1;
killing;4;
kind;3;
kinder;1;
kindly;1;
kindness;4;
kinds;1;
knew;2;
know;15;
knowing;3;
knowledge;8;
known;1;
knows;6;
krishnamurti;5;
lack;2;
laid;2;
lake;1;
language;1;
large;1;
largely;4;
larger;4;
last;4;
lasts;1;
later;2;
law;3;
laws;8;
laziness;1;
lead;8;
leads;4;
learn;24;
learned;10;
learning;3;
learns;5;
least;8;
leave;3;
leaves;2;
lectures;1;
left;2;
legal;2;
legally;1;
length;1;
less;3;
lesson;8;
lessons;9;
let;6;
letter;1;
level;1;
liability;3;
liable;1;
library;1;
license;15;
licensed;1;
lie;1;
lies;3;
lieu;2;
life;53;
lift;1;
light;5;
lighting;1;
like;2;
likely;1;
limitation;3;
limited;5;
limits;1;
line;4;
lines;5;
linked;1;
links;3;
lips;1;
listen;1;
literally;1;
literary;14;
little;16;
live;9;
lived;3;
lives;6;
living;10;
located;4;
locating;1;
locations;2;
long;9;
longer;4;
longs;1;
look;11;
looked;1;
looking;2;
looks;3;
loose;1;
lord;6;
lose;1;
loses;2;
losing;2;
lost;2;
lot;1;
love;52;
love-nature;2;
loved;1;
lover;1;
loves;2;
loving;8;
lower;3;
machine;1;
made;17;
main;1;
mainly;2;
maintained;1;
maintaining;1;
make;32;
makes;6;
making;4;
man;16;
managed;1;
manhood;2;
manliness;1;
manly;2;
manner;1;
mans;1;
manu;1;
many;36;
mark;2;
marked;3;
marks;1;
marriages;1;
master;45;
master--the;1;
masters;5;
materialised--a;1;
matter;3;
maximum;1;
may;80;
mean;1;
means;8;
meat;1;
meditation;1;
medium;5;
meet;6;
meeting;1;
melan;1;
member;3;
members;3;
memories;1;
memory;1;
men;10;
mental;2;
mentioned;1;
merchantibility;1;
mere;1;
merely;6;
met;3;
meted;1;
method;4;
methods;4;
michael;2;
middle-aged;1;
midst;1;
might;4;
mind;28;
mind--and;1;
minds;7;
miniature;1;
minutest;1;
mire;1;
mischief;1;
miserable;1;
misery;1;
missed;1;
mission;4;
mississippi;1;
mistake;2;
mistakes;3;
misunderstandings;1;
modern;2;
modification;1;
modified;2;
modify;1;
moment;5;
money;6;
mood;1;
moods;1;
moral;2;
morals;1;
more;33;
morning;3;
most;29;
mostly;1;
mother;2;
motherland;1;
motive;1;
motives;1;
motto;2;
mould;1;
moulding;1;
movement;1;
mr;5;
mrs;2;
much;38;
music;1;
must;87;
mutual;2;
my;36;
name;4;
named;1;
narrow;1;
nation;15;
national;4;
nations;9;
natural;4;
naturally;5;
nature;6;
near;2;
nearer;2;
nearly;2;
neat;1;
necessarily;1;
necessary;11;
need;5;
needed;1;
needing;1;
needs;6;
neglect;3;
negligence;1;
neighbourhood;3;
network;1;
never;12;
new;13;
newby;1;
newsletter;1;
next;3;
nine;1;
no;37;
noble;2;
nobler;1;
noblest;1;
non;1;
nonproprietary;1;
nor;2;
north;1;
not;110;
note;4;
notice;4;
noticed;1;
notifies;1;
noting;1;
november;2;
now;5;
number;7;
numbers;4;
numerous;2;
o;1;
obey;1;
object;1;
objects;1;
obliged;4;
observe;2;
observed;1;
observing;2;
obsolete;1;
obstacle;1;
obstacles;1;
obtain;4;
obtained;1;
obtaining;2;
obvious;1;
occult;1;
occupation;1;
occupied;1;
occupies;2;
occupy;3;
occur;1;
of;641;
off;1;
offer;2;
offering;1;
offers;1;
office;10;
official;4;
often;23;
old;8;
olden;1;
older;5;
on;73;
once;7;
one;53;
one--the;1;
one-pointed;4;
one-pointedness;10;
oneness;1;
ones;3;
online;6;
only;36;
open;1;
opinions;2;
opportunities;2;
opportunity;10;
order;3;
orderly;1;
ordinary;7;
organisation;3;
organisations;2;
organise;1;
organized;1;
original;1;
originator;1;
others;20;
otherwise;2;
ought;9;
our;13;
out;49;
outdated;1;
outer;2;
outlet;2;
outside;10;
outstrip;1;
outstripping;1;
over;16;
overflowing;1;
overstrain;1;
owed;1;
own;51;
owner;5;
owns;2;
page;2;
pages;1;
paid;9;
pain;4;
pains;1;
paper;1;
paperwork;1;
paragraph;12;
paragraphs;3;
paramount;1;
parent;1;
parents;7;
part;23;
partake;1;
particular;10;
particularly;5;
partly;1;
parts;4;
party;2;
pass;4;
passes;2;
passing;1;
past;5;
path;6;
patience;3;
patient;3;
patriotic;1;
patriotism;6;
patriotism--love;1;
pattern;1;
pay;6;
paying;4;
payments;3;
peace;2;
peculiarities;1;
peculiarity;1;
people;11;
perfect;4;
perfection;1;
perfectly;1;
perform;2;
performances;1;
performed;1;
performing;4;
perhaps;4;
period;2;
periodic;1;
permanent;1;
permission;8;
permitted;3;
perplexities;1;
person;8;
persons;3;
petitions;1;
pg;1;
pglaf;1;
phrase;4;
phrases;1;
physical;8;
picture;1;
pictures;1;
piece;7;
place;15;
placed;5;
places;2;
placing;1;
plain;3;
plan;6;
plane;1;
planning;2;
platform;1;
play;5;
play-ground;4;
player;2;
playground;2;
playing;4;
plays;2;
pleasant;3;
please;6;
pleasure;6;
pleasures;1;
point;7;
points;3;
poisons;1;
politely;1;
politics;2;
poor;2;
poorer;2;
position;6;
positions;3;
possessed;1;
possesses;1;
possession;1;
possibilities;1;
possibility;1;
possible;6;
possible--to;1;
possibly;1;
post;1;
posted;7;
postponed;1;
potent;1;
pour;1;
pouring;1;
pours;1;
power;12;
powerful;1;
powers;1;
practical;2;
practically;1;
practice;2;
practised;3;
practises;2;
practising;1;
prayer;2;
precedes;1;
preceding;1;
prepare;2;
preparing;2;
presence;3;
present;7;
preserve;2;
press;1;
pressed;1;
pretend;1;
pretty;1;
prevalence;1;
prevent;3;
prevents;1;
previous;1;
pride;8;
priests;1;
principal;2;
principally;1;
principles;6;
print;1;
printed;2;
prior;1;
private;1;
privilege;1;
prizes;3;
problem;1;
process;1;
processing;1;
procrustes;1;
produce;3;
produced;3;
producing;1;
production;1;
profession;8;
professions;4;
professor;1;
profit;1;
profits;1;
progress;3;
prohibition;1;
project;87;
prominent;1;
prominently;2;
promote;1;
promoting;2;
promotion;1;
proof;1;
proofread;1;
proofreading;2;
proper;2;
property;2;
property--as;1;
proprietary;1;
prosperity;1;
protect;2;
protecting;2;
protection;2;
protective;1;
proudly;1;
proved;1;
provide;8;
provided;7;
providing;4;
provision;1;
provisions;1;
public;9;
punishment;5;
punitive;1;
pupil;10;
pupils;8;
pure;3;
purely;1;
purified;1;
purpose;5;
purposeful;1;
purposely;1;
pursue;1;
put;8;
qualification;6;
qualifications;3;
qualities;3;
quality;3;
question;2;
questions;3;
quickly;2;
quiet;1;
quieter;1;
quite;7;
quote;1;
quotes;1;
race;2;
races;2;
radiate;1;
radiating;1;
raised;1;
rajput;1;
rapid;1;
rather;7;
re-act;1;
re-established;1;
re-use;2;
reach;1;
reached;1;
reaching;1;
read;5;
readable;2;
reading;1;
readjustment;1;
reads;1;
ready;3;
real;10;
realise;12;
realising;1;
really;15;
reason;1;
reasonable;1;
rebuild;1;
receipt;2;
receive;3;
received;5;
receiving;2;
recognised;2;
recommendations;1;
redistribute;1;
redistributing;2;
redistribution;2;
references;2;
referred;1;
reflection;1;
refund;10;
refuse;1;
regard;4;
regarded;1;
regards;1;
registered;2;
regular;2;
regulating;1;
reincarnation;2;
rejoice;1;
relation;7;
relations;3;
relative;1;
relatives;1;
release;3;
religion;13;
religions;7;
religious;11;
religiously--done;1;
remain;4;
remaining;1;
remedies;1;
remember;2;
remembered;2;
remembering;2;
remembers;1;
reminded;1;
reminds;1;
remove;1;
removed;2;
renamed;2;
rendering;1;
replace;4;
replaced;1;
replacement;5;
replaces;1;
reported;1;
reports;2;
representations;1;
reputation;1;
request;2;
require;1;
required;1;
requirements;4;
requires;1;
research;2;
resist;1;
respect;3;
respected;1;
respond;1;
responds;1;
response;1;
rest;6;
resting;1;
restlessness;1;
restrictions;2;
result;5;
results;4;
return;3;
returns;1;
revenue;1;
reverence;5;
reverencing;1;
reward;1;
rewarded;1;
rid;6;
right;15;
right-minded;1;
rightly;1;
rise;1;
rising;1;
road;1;
rod;1;
room;1;
rose;1;
routine;1;
royalties;2;
royalty;3;
rudeness;1;
rugby;1;
rule;2;
rules;9;
ruling;1;
run;2;
running;1;
runs;1;
rush;1;
rushing;1;
s;2;
s/he;1;
sacred;4;
sacrifice;1;
sad;1;
said;19;
sake;3;
salary;4;
salt;1;
same;6;
satisfied;2;
satisfy;1;
saving;1;
say;3;
saying;1;
sayings;1;
says;9;
scattered;1;
sceptre;1;
scholars;1;
school;87;
school--the;1;
schoolfellow;1;
schoolfellows;1;
schoolmasters;1;
schools;8;
science;1;
search;2;
seat;1;
second;2;
section;7;
sections;1;
secure;1;
see;30;
seeing;1;
seek;1;
seem;6;
seems;4;
seen;9;
self;3;
self-confidence;1;
self-control;17;
self-discipline;1;
self-reliance;1;
self-reliant;1;
self-respect;1;
self-sacrificing;1;
selfish;1;
send;4;
sending;3;
sends;1;
sense;1;
sensitive;1;
sent;2;
sentence;2;
separate;5;
separated;2;
separately;1;
separateness;1;
separates;1;
serious;2;
servants;2;
serve;8;
served;1;
serves;1;
service;26;
services;1;
set;20;
setting;1;
several;2;
shall;10;
shape;1;
shaped;1;
shapes;1;
share;3;
shared;1;
sharing;2;
sharpen;1;
shine;1;
shining;1;
short;3;
short-tempered;1;
should;87;
show;7;
showing;5;
shown;6;
shows;4;
shut;1;
shutting;1;
sick;1;
side;6;
sight;1;
similar;2;
sin;2;
since;2;
singing;1;
single;1;
sins--the;1;
sister;1;
sisters;1;
sit;1;
site;4;
six;1;
slavery;1;
sleep;2;
sleeping;1;
slight;1;
slip;1;
slowly;2;
small;9;
smile;1;
so;61;
social;3;
societies;3;
solemn;1;
solicit;2;
solicitation;1;
some;25;
sometimes;8;
son;5;
sons;3;
soon;4;
sooner;1;
sorrow;1;
sorry;1;
sorts;1;
soul;1;
sound;1;
source;2;
sources;1;
southern;1;
spark;1;
speak;5;
speaking;2;
speaks;3;
special;11;
specially;2;
specific;1;
specified;2;
speck;1;
speech;3;
spend;2;
spent;1;
sphere;1;
spirit;4;
spiritual;1;
spite;1;
spoiled;1;
spoken;1;
sport;2;
spread;4;
spreading;1;
spreads;1;
staff;1;
stage;1;
stand;1;
standpoint;1;
start;3;
state;5;
statements;1;
states;15;
statesman;1;
status;4;
steadiness;2;
step;1;
still;7;
stimulate;3;
stimulated;1;
stimulates;1;
stimulating;2;
stop;2;
stored;1;
straight;1;
strain;5;
stream;2;
streams;2;
streets;1;
strength;9;
strengthen;2;
strengthened;2;
strengthening;2;
stress;1;
strict;1;
strictly;1;
striking;1;
strokes;1;
strong;7;
stronger;2;
strongest;2;
struggle;1;
student;4;
students;16;
studies;4;
study;1;
studying;1;
stupid;1;
subdirectory;1;
subject;12;
subject--for;1;
subjects;6;
submitting;1;
subordinating;1;
subscribe;1;
succeed;1;
succeeded;1;
success;5;
successful;6;
such;26;
sudden;1;
suffer;1;
sufferers;1;
suffering;5;
sufficient;4;
suggested;1;
suggesting;1;
suggestions;4;
suitable;1;
suited;2;
sullenness;1;
summed;1;
superior;1;
superiority;1;
superstition;4;
support;5;
supreme;3;
sure;5;
surely;2;
surrounding;2;
surroundings;5;
survey;1;
survive;1;
sutherland;2;
swamp;1;
swiftly;1;
sympathetic;1;
sympathetically;2;
sympathy;8;
synonymous;1;
system;3;
tactful;1;
take;22;
taken;7;
takes;4;
taking;3;
talent;1;
talk;1;
talked;1;
talking;1;
tasks;1;
taught;18;
tax;6;
taxes;2;
taxing;1;
teach;20;
teacher;145;
teacher--ought;1;
teacher--unless;1;
teachers;45;
teachers--those;1;
teachers--which;1;
teaches;3;
teaching;18;
team;3;
teasing;1;
tell;3;
tells;1;
temper;5;
temperament;1;
temple;1;
ten;1;
tendencies;1;
tending;1;
terms;21;
terrible;2;
than;37;
thank;1;
thee;1;
their;79;
then;17;
theosophical;1;
theosophy;1;
there;31;
therefore;14;
thing;4;
things;8;
think;16;
thinking;4;
thinks;2;
thirty;1;
this--as;1;
thoroughly;1;
though;6;
thought;11;
thought-forms;1;
thoughtless;1;
thoughtlessness;1;
thoughts;11;
three;1;
through;17;
throughout;1;
thrown;1;
thus;13;
thy;3;
till;1;
time;19;
times;1;
tired;7;
title;1;
to-day;4;
together;4;
toil;1;
told;4;
tolerance;7;
too;10;
torture;1;
touch;1;
towards;5;
trademark;10;
trademark/copyright;1;
traditions;1;
train;7;
trained;7;
training;3;
transcribe;1;
transcription;1;
tread;1;
treat;1;
treated;3;
treatment;3;
tried;1;
tries;2;
trivial;4;
trouble;5;
troubles;6;
troublesome;1;
true;10;
truly;1;
trust;7;
trustful;1;
truth;2;
truths;2;
try;12;
trying;7;
tuition;1;
tuned;1;
turn;13;
turned;1;
tutor;1;
twice;1;
two;3;
types;1;
ugly;3;
unbelievers;1;
unbrotherly;1;
unconsciously;1;
uncontrolled;1;
under;17;
underneath;1;
understand;10;
understanding;6;
understands;1;
understood;1;
undesirable;1;
unenforceability;1;
unfold;1;
unfortunate;2;
unfortunately;2;
unhappiness;1;
uniform;1;
unimportant;1;
unintentional;2;
united;10;
unity;9;
universal;1;
universally;1;
unjust;1;
unkind;2;
unlearned;1;
unless;24;
unlink;1;
unpleasant;1;
unscrupulous;1;
unselfishly;1;
unselfishness;1;
unsolicited;1;
unspoiled;1;
unsuitable;1;
until;2;
unto;3;
up;24;
updated;1;
upon;20;
urges;1;
us-ascii;1;
use;16;
used;9;
useful;9;
usefully;1;
usefulness;1;
useless;1;
user;3;
uses;1;
using;6;
usually;1;
ut;1;
utilised;1;
utilize;1;
uttered;1;
valuable;1;
value;4;
vanilla;3;
vanish;1;
vanity;1;
variety;1;
various;4;
vary;1;
version;1;
versions;1;
very;31;
vessels;1;
view;1;
viewed;1;
viewing;1;
views;1;
vigour;1;
violates;1;
virtue;3;
virus;1;
visions;1;
visit;2;
visits;1;
vitalised;1;
vivid;1;
void;1;
volunteer;1;
volunteers;6;
waking;1;
walk;1;
walks;1;
walls;1;
wander;2;
wandering;1;
wanders;1;
want;8;
wanted;5;
wants;2;
warranties;3;
warranty;2;
wars;1;
was;8;
wasted;4;
watch;7;
watched;1;
watching;3;
way;28;
ways;8;
weak;6;
weaker;2;
weaknesses;4;
wearing;1;
web;6;
welfare;1;
well;18;
well-balanced;1;
well-known;1;
well-nigh;1;
were;9;
west;1;
western;2;
whatsoever;4;
whenever;1;
wherein;1;
whether;3;
while;14;
whole;10;
wide;1;
widely;1;
widen;1;
widest;2;
wife;1;
wilfully;1;
will;135;
wills;1;
win;1;
wins;1;
wisdom;1;
wise;4;
wisely;1;
wish;12;
wished;1;
wishes;6;
with;133;
within;16;
without;17;
wonder;2;
wonderful;1;
word;3;
words;11;
work;89;
working;1;
works;34;
world;12;
worried;3;
worry;2;
worrying;2;
worse;2;
worthy;2;
would;21;
wound;1;
wounded;1;
wounding;1;
write;1;
writes;2;
writing;4;
written;4;
wrong;4;
wwwgutenbergorg;3;
ye;1;
year;3;
years;7;
yet;5;
you--the;1;
you--you;1;
young;14;
younger;7;
your;16;
youth;8;
youths;1;
zipped;1;
