;275;
-;7;
/etext;1;
10964-hhtm;1;
10964-hzip;1;
10964txt;1;
10964zip;1;
11th;1;
12th;1;
13th;1;
14th;1;
1a;1;
1b;1;
1c;2;
1d;1;
1e;2;
1e1;5;
1e2;1;
1e3;1;
1e4;1;
1e5;1;
1e6;1;
1e7;3;
1e8;4;
1e9;3;
1f;1;
1f1;1;
1f2;1;
1f3;4;
1f4;1;
1f5;1;
1f6;1;
21st;1;
501c3;2;
596-1887;1;
64-6221541;1;
a-half;1;
ab;1;
abdominal;1;
abide;1;
ability;1;
able;2;
abolished;1;
about;23;
above;5;
absence;1;
absent;1;
abstain;1;
abstract;1;
absurd;1;
accept;1;
accepted;3;
accepting;1;
access;10;
accessed;1;
accessible;1;
accordance;3;
accorded;1;
account;3;
accused;3;
achieved;1;
acquaintance;1;
acquainted;1;
acquiesces;1;
acquired;1;
act;1;
acting;1;
active;2;
activity;1;
actors;1;
actual;1;
ad;1;
added;4;
addition;1;
additional;4;
additions;1;
address;3;
addressed;3;
addressee;1;
addresses;3;
adequacy;1;
adjourn;1;
administered;1;
administrator;1;
admiral;1;
admirals;1;
admit;3;
advantage;2;
advertisement;1;
advertisers;1;
advise;1;
advt;1;
aeons;1;
affair;2;
afford;2;
afraid;3;
afresh;1;
african;1;
aft;1;
afterthought;1;
afterwards;1;
again;10;
against;3;
age;1;
agent;1;
ages;1;
aghast;1;
aglow;1;
ago;2;
agree;9;
agreeable;1;
agreed;1;
agreement;18;
aid;1;
air;4;
ak;1;
aladdin;1;
alas;1;
albert;1;
ale;1;
alexandras;1;
alice;2;
aliens;1;
alive;1;
all;59;
all-highest;2;
allay;1;
allied;1;
allies;1;
allow;1;
allowed;1;
allusions;1;
almighty;1;
almost;9;
alone;2;
along;1;
aloud;2;
already;5;
also;7;
also--what;1;
alteration;1;
alternate;1;
alternative;1;
although;2;
altogether;2;
always;3;
am;8;
amateur;1;
amazement;1;
ambiguity;1;
america;1;
american;5;
amiable;1;
amicable;1;
ammunition;1;
among;1;
amongst;1;
amount;1;
amusement;1;
anaemic;1;
analysis;1;
anathema;1;
ancient;1;
anderson;1;
angels;1;
animated;1;
anne;1;
announced;1;
announcement;1;
anomaly;1;
answer;1;
answer--we;1;
answered;1;
answers;1;
antagonism;1;
anthracite;1;
anti-jacobin;1;
anti-picador;1;
anti-picadors;1;
anticipated;1;
anticipation;1;
anxiety;2;
anxious;2;
anyhow;1;
anyway;1;
anywhere;2;
apart;3;
apologises;1;
apparently;1;
apparition;1;
appeal;2;
appeal--for;1;
appear;2;
appeared;3;
appearing;1;
appears;3;
appertaining;1;
appetite;1;
apples;1;
applicable;3;
application;1;
apply;1;
appointed;1;
appointment;2;
apprehension;1;
approach;1;
approbation;1;
appropriate;1;
approximately;1;
april;1;
aqua;1;
archive;13;
ard;1;
ardent;1;
arding;1;
are--watershed;1;
arise;1;
arises;1;
aristocrat--blue;1;
ark;2;
arm--evening;1;
armageddon;1;
army;4;
arnold;1;
around;1;
aroused;1;
arranged;1;
array;1;
arrival;1;
arrive;1;
arrived;1;
arst;1;
arthur;1;
article;3;
articles;2;
artificial;1;
artist;2;
as-is;1;
ascii;3;
ashen;1;
ashore;1;
ask;6;
asked;8;
asking;1;
asks;6;
asquiths;1;
assertive;2;
assigned;1;
assistance;1;
assistant-book-keeper;1;
assisted;1;
assisting;2;
assize;3;
associated;8;
association;1;
assume;1;
assumed;1;
assumes;2;
assyrians;1;
atkins;1;
atlantic;1;
atmosphere;1;
attached;1;
attaches;1;
attained;1;
attempt;2;
attempted;1;
attention;2;
attentive;1;
attitude;1;
attorney-general;1;
attracted;1;
audience;1;
audience--which;1;
august;1;
australian;3;
author;4;
authorities;1;
authors;2;
automatically;1;
avail;1;
available;3;
avails;1;
aver;1;
average;1;
awaits;1;
aware;1;
away--you;1;
awful;2;
awfully;1;
awkward;1;
axminster;1;
baba;1;
babes;5;
baccy;1;
back;4;
backs;1;
backwoods;1;
bad;5;
badly;1;
bail;2;
balance;1;
balfour;1;
ballsbridge;1;
bank;3;
bar;1;
bare;1;
barge;1;
bargee;1;
barrier;1;
barrister;2;
barristers;2;
based;6;
basis;1;
battalions;2;
battlefield;1;
battles;1;
bay;1;
bean;1;
bear;1;
bearing;2;
bears;1;
beautiful;1;
beauty;1;
because;5;
become;2;
bed;2;
bed-rail;1;
bedroom;3;
beds;1;
beef;1;
been;23;
began;2;
begin;2;
beginners;1;
beginning;1;
begins;2;
beguile;1;
behaved;1;
behind;1;
being;15;
belated;1;
belied;1;
believe;4;
believed;1;
belileve;2;
below;7;
beneath;4;
benefit;1;
bennett;2;
benson;3;
berlin;1;
berytus;1;
beseech;1;
beside;1;
besides;1;
best;7;
bet;2;
bet--that;1;
better;6;
between;7;
beyond;1;
beyrout;1;
bias;1;
biceps;1;
big;1;
bigamy;1;
biggest;1;
billiards;1;
binary;1;
birds;1;
birmingham;1;
birth;1;
bis;1;
bit;6;
bits;1;
bizarre;1;
bizness;1;
black;1;
blaize;2;
blame;1;
blast;7;
blend;1;
blindly;1;
blockaded;1;
bloke;2;
blood;4;
blows;1;
blue;2;
body;4;
bold;2;
bolsheviks;1;
bolshevism;1;
book;11;
booked;1;
booking-office;1;
boots;4;
bore;2;
borough;1;
both;6;
bottle;1;
bottles;1;
bound;2;
bouverie;1;
bowdler;8;
bowdlers;1;
bowed;1;
bowles--my;1;
bowls;1;
box;1;
boxing;1;
boy;13;
boys;2;
brace;1;
brain;1;
branches;1;
brass;1;
brass-hatted;1;
brassey;3;
brave;1;
bravely;1;
brazil;1;
breach;2;
breakfast-table;1;
breast-pocket;1;
breathe;2;
breeds;1;
breezy;1;
brick;1;
bridge;1;
brief;1;
briefs;1;
brigadier;1;
bright;1;
brilliancy;1;
brilliant;1;
bring;1;
brings;1;
britain;1;
british;2;
brooding;1;
brother;2;
brothers;1;
brown;2;
brutal;1;
buff;1;
buffoonery;1;
building;1;
built;2;
bull-fight;1;
bullock;3;
bullock--contemplatively;1;
bulls;1;
bumps;1;
bureau;4;
burglar;1;
burlesque;1;
bursts;1;
bush;1;
business;4;
business@pglaforg;1;
busy;1;
buttercup--a;1;
buxom;1;
cabbage;2;
cabin;1;
cabinet;1;
cackling;1;
calculate;1;
calculated;2;
calculation;1;
calf;1;
call;2;
called;6;
calling;1;
came;5;
camouflaged;1;
camperioni;1;
can;23;
canadian;1;
cannot;9;
cant;2;
canter;1;
capable;1;
cape;1;
captain;1;
capture;2;
car;1;
card;2;
cardinal;1;
careful;1;
carefully;1;
carmarthen;1;
carpet;1;
carried;1;
carroll;1;
carry;1;
carrying;1;
case;11;
cases;3;
cashier;1;
cast--miss;1;
catch;1;
caters;1;
caught;1;
cause;3;
caused;1;
causing;2;
caviare;1;
caxton;1;
cease;1;
cecilia;1;
cells;1;
cement;1;
censor;1;
certain;4;
certificate;1;
chair;1;
chamber;1;
chambers;1;
champagne;1;
chance;1;
chanced;1;
chances;1;
change;2;
changed;1;
changes;1;
chapter;1;
chapters;1;
character;4;
characters;1;
charge;6;
charged;2;
charges;1;
charitable;1;
charities;1;
charivari;5;
charivaria;1;
charles;1;
charles--old;1;
charm;2;
chatto;1;
check;3;
checking;1;
checks;1;
cheek;1;
cheers;1;
chef;1;
chequered;1;
cherishing;1;
chewed;1;
chick;1;
chicken;2;
chickens;1;
chief;1;
chiefly;1;
childhoods;1;
choose;1;
christmas;1;
church;1;
circle;1;
circulars;1;
circulating;1;
circumference--east;1;
circumstances;2;
citizen--bath;1;
cito;1;
city;2;
civilian--oh;1;
civilian--well;1;
claff;1;
claim;1;
claimed;1;
claims;1;
clash;1;
class;9;
classical;1;
clean;1;
cleaner;1;
cleans;1;
clear;1;
cleared;1;
clearly;1;
clerk;5;
clerks;1;
clever;1;
clinched;1;
close;2;
club;2;
coal;1;
coat;1;
coat--aquascutum--is;1;
cock;1;
cock--ceylon;1;
cockerel;1;
codes;1;
coiffure;1;
cold;2;
collar;1;
colleague;1;
collect;1;
collection;5;
collector;1;
college;1;
collins;1;
cologne--;1;
colour;1;
colours;2;
column;1;
columns;1;
come;8;
comes;2;
comfort;1;
comfortable;2;
comic;1;
coming;1;
commanding;1;
commands;1;
commend;1;
comments;1;
commerce;1;
commercial;1;
committed;2;
committee;1;
community;1;
company;2;
compares;1;
comparisons;1;
compassionate;1;
compelled;1;
compelling;1;
compensation;1;
competently;1;
competition;3;
competitions;1;
completed;2;
complex;1;
compliance;5;
complicated;1;
comply;6;
complying;3;
compressed;2;
conceded;1;
conceit;1;
conceived;1;
concentrates;1;
concept;2;
concern;1;
concerning;2;
concluding;1;
concur;1;
conditions;1;
conducting;1;
conference;3;
conferences;1;
confession;1;
confided;1;
confidence;3;
confirmation;1;
confirmed;1;
confusing;2;
connection;1;
conscious;2;
consecrated;1;
consequential;1;
considerable;3;
considered;1;
conspicuous;1;
conspiracy;1;
constable;1;
constant;1;
constantinople;1;
constantly;2;
constituency;1;
consul;1;
consulate;1;
consulted;1;
contact;4;
contain;2;
containing;1;
contemporaries;1;
contemporary;1;
contention;1;
contents;1;
contingent;1;
continue;1;
continued;1;
contortionist;1;
contract;1;
contrary;1;
contributed;1;
contributions;2;
contributors;1;
contrivance;1;
control;2;
control-officer;1;
controlled;1;
controller;1;
convenience;1;
convenient;1;
conveniently;1;
conventional;1;
conversion;1;
convert;1;
converted;1;
converts;1;
convincing;1;
copied;2;
copies;7;
copy;12;
copying;4;
corduroys;1;
corelli;1;
corporation;1;
corps--yes;1;
corrected;1;
correspondence;1;
correspondent;2;
corresponding;1;
corrugated;1;
corrupt;1;
cost;3;
costs;2;
costume;1;
could;14;
counsel;8;
counsels;2;
counterpane;1;
countries;1;
country;4;
county;1;
couples--the;1;
coupons;1;
course;7;
court;6;
courtesy;1;
covered;2;
cpo;8;
cracker;1;
craftsman;1;
cravat;1;
created;4;
creating;4;
creation;1;
credit;1;
cricket;2;
crisis;1;
critical;1;
cross-examining;1;
crown;1;
cruel;1;
cruellest;1;
culprit;1;
culture;1;
cunard;2;
cupid;1;
curious;1;
curiously;1;
current;1;
curtailed;1;
custom-house;2;
cut;3;
cw;1;
cymbals;1;
cyril;1;
czecho-slovak;1;
daily;4;
dainty;1;
dally;1;
damage;2;
damaged;2;
damages;4;
damascus;1;
dancing;1;
dared;2;
daring;2;
darkness;1;
darlings;1;
dat;2;
data;1;
date;6;
daughter;1;
daughters;1;
david;2;
davids;1;
dawn;1;
day;7;
days;9;
daytime;1;
dddeeeeeddlllllllcleeeeeece;1;
de;1;
dead;1;
deadening;1;
deal;5;
dear;7;
death;1;
decadent;1;
december;4;
decide;1;
deck;3;
declaration;1;
declare;1;
deductible;1;
deep;1;
deeply;2;
defeated;1;
defect;4;
defective;3;
defects;1;
defence;2;
defending;1;
degree;1;
deletions;1;
deliberately;2;
delight;1;
delighted;2;
delights;1;
deliver;1;
delivered;1;
deliveries;1;
demand;1;
dementi;1;
demesne;1;
demobilized;1;
democracy;1;
dense;2;
department;3;
departments;1;
depend;1;
depends;1;
deprecating;1;
depressed;1;
derivative;3;
derive;1;
derived;1;
descent;1;
described;4;
description;1;
designed;1;
desire;1;
desired;2;
desk;1;
despite;1;
destroy;2;
destroyed;2;
detach;1;
detached;1;
details;1;
detained;1;
detect;1;
determine;1;
determines;1;
deux;1;
devastating;1;
developed;1;
development;1;
devil;1;
devoted;1;
devotion;1;
dexterously;1;
dialogue;1;
diary;1;
did;4;
didnt;5;
die;1;
different;3;
differently;1;
difficulty;1;
digit;1;
digits;1;
dignity;1;
dim;1;
dingy;1;
diplomatic;1;
direct;1;
directly;2;
director;1;
directories;1;
directory;1;
directs;1;
dirty;1;
disapproves;1;
discharge;1;
disclaim;1;
disclaimed;1;
disclaimer;3;
disclaimers;1;
discontinue;1;
discover;2;
discovered;1;
discovery;1;
discuss;1;
disgust;1;
disk;1;
dismay;1;
display;2;
displayed;1;
displaying;4;
disregard;1;
dissolute;1;
distance;1;
distinction;3;
distinctly;1;
distinguished;1;
distracting;1;
distribute;6;
distributed;6;
distributing;7;
distribution;6;
distributor;1;
district;1;
divided;1;
divisions;1;
do;30;
dock;6;
doctor;1;
documents;1;
does;5;
dog;2;
dogged;1;
dogs;1;
doing;3;
doled;1;
domain;8;
domination;1;
donate;3;
donation;1;
donations;15;
done;1;
donors;1;
dont;4;
dooms;1;
door;3;
dora;2;
doris;1;
doubt;2;
dourness;1;
down;10;
download;2;
downloading;1;
dozen;1;
dr;4;
drag;1;
drama;1;
dramatic;1;
drastic;1;
draw;1;
dreaded;1;
dream;1;
dream-spirit;1;
dreamland;1;
dreams;1;
dress;1;
drew;1;
drink;1;
drinks;1;
driven;1;
drollery;1;
drury;1;
dublin;1;
dublins;1;
due;1;
dues;1;
dull;2;
duly;2;
dunno;1;
duplicity;1;
during;3;
dusty;1;
duty;3;
e;1;
e-mail;1;
e-text;1;
eagle;1;
eard;1;
earing;1;
early;3;
ears;4;
earth;1;
easily;2;
easy;1;
ebooks;14;
echo;1;
edge;1;
edited;1;
edith;7;
ediths;1;
edition;1;
editions;5;
editor;5;
editorial;2;
editors;4;
educational;1;
ef;1;
effect;5;
effective;1;
effort;3;
efforts;4;
egbert;1;
egbert--went;1;
egg;1;
eggs;1;
egyptians;1;
eight;2;
ein;1;
either;4;
elect;1;
election;2;
electors;1;
electrifying;1;
electronic;27;
electronically;2;
eloquent;1;
elp;1;
else;2;
em;2;
email;3;
emergency;1;
eminent;1;
emit;1;
emitting;1;
empire;1;
employed;1;
employee;1;
employees;2;
enchantments;1;
encoding;1;
encouraged;1;
end;6;
endeavouring;1;
ended;1;
endways--times;1;
energetic;1;
england;3;
english;3;
enhanced;1;
enjoy;2;
enjoyed;1;
enjoying;1;
enjoyment;1;
enlightened;1;
enough;4;
ensues;1;
ensuring;1;
entered;2;
entering;1;
enterprise;2;
enters;1;
entertaining;1;
enthralling;1;
enthusiasm;2;
enthusiastic;2;
entirely;1;
entitled;4;
entity;3;
entrusted;1;
entry;1;
envelopes;1;
environment;1;
equal;1;
equally;1;
equipment;3;
equity;1;
era;1;
ere;1;
eric;2;
erin;1;
errors;1;
es;1;
especially;3;
espied;1;
esprit;1;
essayist;1;
establishment;1;
estimate;1;
estimated;1;
eternal;1;
etext;5;
etonian;1;
euphemistic;1;
europe;1;
european;1;
euston;1;
evade;1;
evans;2;
even;11;
evening;2;
ever;4;
every;6;
everybody;2;
everyone;3;
everything;3;
evidence;3;
evidently;2;
ex-kaiser;1;
ex-kaisers;1;
ex-parte;2;
exact;1;
exactly;1;
examiner;1;
example;4;
except;3;
exceptional;2;
exceptionally;1;
excepts;1;
excess;1;
exchange;1;
exclaimed;1;
exclamation;1;
excluded--the;1;
exclusion;1;
execute;1;
executed;1;
executive;1;
exempt;2;
exercise;1;
exhibiting;1;
exile;1;
existence;1;
exists;1;
expect;2;
expectans;1;
expectation;1;
expected;2;
expedition;1;
expend;1;
expense;2;
expenses;2;
expensive;1;
expert;1;
explain;2;
explained;1;
explains;1;
explanation;2;
exporting;1;
exposure--provincial;1;
express;3;
expressed;2;
expresses;1;
expressing;1;
expression;1;
exquisite;1;
extent;2;
exultation;1;
eye;2;
eyes;3;
f3;1;
face;9;
faces;1;
facility;1;
fact;3;
facts;1;
failed;1;
failure;2;
faintest;1;
faintly;1;
faints;1;
fairbanks;1;
faithful;1;
faithfully;2;
fallen;1;
falling;1;
falls;2;
false;1;
family;2;
famous;2;
fancies;3;
far;12;
farm;1;
farmer;1;
fault;1;
favorite;1;
favour;1;
favourably;1;
feasible;1;
feat;1;
feathered;1;
feats;1;
features;2;
february;2;
federal;2;
fee;8;
feel;1;
feeling;1;
feels;1;
fees;4;
feet;4;
fell;2;
fellow;5;
feloniously;1;
felt;1;
female;1;
fence;1;
ferat;1;
fetch;1;
feuilleton--;1;
few;4;
fewer;1;
fibrous;1;
fiction;3;
fierce;1;
fiercest;1;
fifty;1;
fifty-five;1;
figure;1;
file;6;
file--;1;
filed;2;
filename;5;
filenames;1;
files;2;
filled;2;
financial;1;
find;3;
finding;1;
fine;5;
fined;1;
finest;1;
firelight;1;
firm;1;
firmness;1;
first;11;
first-class;7;
fishes;1;
fitness;1;
five;1;
fix;1;
fixes;1;
flags;1;
flap;1;
flares;1;
flashed;1;
flat;1;
flavour;1;
floating;2;
flood;1;
floor;2;
florence;1;
flossie;2;
flowed;1;
flowers;2;
flung;1;
flying;2;
focsle;1;
folks;1;
follow;2;
followed;1;
following;5;
follows;2;
food;1;
food-controller;1;
foolishly;1;
foot;2;
for;105;
forbears;1;
ford;1;
foregather;1;
forehead;1;
foresee;1;
forget;3;
forget--so;1;
form;6;
format;4;
formats;3;
forming;1;
formula;1;
forth;9;
forthcoming;1;
fortified;1;
fortunate;1;
forty-first;1;
forward;2;
foul-smelling;1;
found;9;
foundation;22;
foundations;3;
four;1;
fourteenth;1;
fowls;1;
frankly;1;
fraternal;1;
free;5;
freedom;1;
freely;4;
french;4;
freshness;1;
friday;1;
friend;2;
friend--if;1;
friends;1;
friendship;3;
friendships;1;
frogs;1;
from;56;
front;4;
frown;5;
frown--the;1;
frowning;1;
fruit;1;
full;18;
fully;1;
funny;1;
furnished;1;
furniture;3;
further;4;
fusiliers;3;
fust-class;1;
future;4;
gabrielle;1;
gaiety;1;
gallant;1;
gallantly--a;1;
gallery;1;
gallon;2;
game;1;
gang-plank;2;
garish;1;
gassing;1;
gateman;1;
gather;1;
gave;4;
gazette;1;
gbnewby@pglaforg;1;
geddes;1;
gee;1;
general;6;
generalissimo;1;
generations;2;
genius;1;
gentle;1;
gentleman;1;
gentleman-rider;1;
gentlemen;1;
georges;1;
georgian;1;
german;3;
germans;2;
germany;1;
get;7;
gets;2;
giant;1;
gibson;1;
gift;1;
gifts;1;
giorgione;2;
girl;2;
give;8;
given;5;
gives;4;
glass;1;
gleaner;1;
gleanings;3;
glow;1;
glowed;1;
go;5;
goals;1;
goes;5;
going;2;
gold;1;
golden;1;
golf;1;
gone;1;
good;14;
gorgeous;1;
got;3;
govern;1;
government;8;
gown;1;
grace;1;
gradually;1;
grady;1;
grand;1;
grandfather;1;
granny;1;
grant;1;
granted;1;
grateful;1;
gratefully;1;
gratitude;1;
graven;1;
great;15;
great-grandma;1;
greatest;1;
greeks;1;
greengrocer;1;
gregory;1;
grew;1;
grey;1;
grievance;1;
grin;1;
grinned;1;
groan;1;
gross;1;
ground;3;
grounds;1;
group;1;
grove;1;
grown;2;
grown-up;1;
grudge;1;
guaranteed;1;
guardian;1;
guess;2;
gun;1;
guns;2;
gushed;1;
gutenberg-tm;56;
gutenberg-tms;1;
guvnor;1;
h-o-h-e-n-z-o-double;1;
had;39;
hair;1;
hairpin;1;
half;5;
half--and;1;
half-a-dozen;1;
hall;2;
halves;1;
hand;3;
handkerchief;1;
hands;2;
hanging;2;
happen;1;
happened;1;
happens;1;
happier;1;
hard;1;
harding;1;
hardly;2;
harlequinade;1;
harmless;1;
harmonious;1;
harmony;2;
harry;1;
hart;2;
has;42;
hat;1;
hate--hate;1;
hauled;1;
have;78;
havent;2;
having;4;
head;6;
headed;1;
health;3;
hear;5;
heard;6;
hearing;1;
hears;1;
heart;3;
heaven;2;
heavy;1;
hegan;1;
height;1;
held;3;
help;4;
helped;3;
hengist;1;
henris;1;
henry;2;
herald;1;
here;8;
hero;1;
heroes;1;
heroines--why;1;
hes;1;
hesitation;1;
hhhohenzollern;1;
hic;2;
high;1;
hinting;1;
hints;1;
historic;1;
history;6;
hit;1;
hitherto;2;
hj;1;
hoarse;1;
hodder;2;
hohen-whats-his-name;1;
hohenzollern;6;
hold;2;
holder;4;
holy;1;
home;12;
honest;1;
honour;1;
hoodooed;1;
hook;1;
hope;5;
hoped;1;
hopes;3;
horace;3;
horrid;1;
horror-haunted;1;
horsa;1;
horse;1;
hospital;2;
hot;1;
hotel;2;
hour;1;
hours;2;
hours--sunday;1;
how;14;
however;5;
html;2;
http//wwwibiblioorg/gutenberg/1/0/9/6/10964/10964-h/10964-hhtm;1;
http//wwwibiblioorg/gutenberg/1/0/9/6/10964/10964-hzip;1;
http//wwwibiblioorg/gutenberg/etext06;1;
https//gutenbergorg/license;1;
https//pglaforg;2;
https//pglaforg/donate;1;
https//pglaforg/fundraising;1;
https//wwwgutenbergorg;1;
https//wwwgutenbergorg/1/0/2/3/10234;1;
https//wwwgutenbergorg/1/0/9/6/10964;1;
https//wwwgutenbergorg/2/4/6/8/24689;1;
https//wwwgutenbergorg/gutindexall;1;
https//wwwpglaforg;1;
huckster;1;
human;1;
humane;1;
humble;1;
humbly;1;
humming;1;
humour;4;
humphries;1;
hundreds;3;
hurried;2;
hush;1;
hutchinson;2;
hymn;1;
hypertext;1;
hysterically;1;
idea;5;
idealistic;1;
identical;1;
identification;1;
identified;1;
identify;1;
ii;1;
ill-considered;1;
illustrated;1;
illustration;26;
illustrations;1;
illustrious;1;
im;4;
imagination;1;
imaginative;1;
imagine;3;
imitation;1;
immaterial;1;
immediate;2;
immemorial;1;
immunity;1;
impatient;1;
implied;2;
import;1;
importance;1;
important;4;
imposed;2;
impossible;1;
impressing;1;
impression;1;
imprisonment;1;
improve;2;
in;225;
inaccurate;1;
inches;3;
incidental;1;
incited;1;
include;1;
included;3;
includes;2;
including;10;
incoherently;2;
incomplete;1;
inconsequence;1;
inconsiderable;1;
inconvenience;1;
incorporated;1;
increase;1;
increased;1;
increasing;2;
incredible;1;
indeed;4;
indefeasible;1;
indemnify;1;
indemnity;1;
indicate;2;
indicated;2;
indicating;1;
indirect;1;
indirectly;1;
individual;4;
inept;1;
infantrys;1;
information;8;
informed;2;
infrequently;1;
infringement;1;
ingenious;1;
injurious;1;
ink;2;
ink-pot;1;
inner;1;
innocence;1;
inoculation;1;
inordinate;1;
inquired;1;
inside;1;
insists;1;
inspired;1;
instance;2;
instead;1;
instinctively;1;
institute;1;
institutions;1;
instruct;1;
intellectual;4;
intended;1;
intensity;1;
interesting;2;
interests;1;
interior;1;
interludes;1;
internal;1;
international;2;
interpreted;1;
interview;7;
interviewer;1;
interviewer--as;1;
intimate;1;
into;13;
introduces;1;
invalidity;1;
invention;1;
invidious;1;
invigorating;1;
involved;2;
ionides;2;
ireland;1;
irrepressible;1;
irresistibly;1;
irs;1;
is;158;
island;1;
isle;1;
isles;1;
isnt;3;
issue;1;
its;23;
its--semi-official;1;
ive;1;
jace;1;
jacet;1;
jan;4;
january;1;
jb;1;
jewels;2;
jinks;1;
jobmastering;1;
jocund;1;
john;2;
joke;3;
jokes;2;
jolly;1;
journal;4;
journal--the;1;
journalist;1;
joy-riding;1;
joyous;1;
judex;2;
judge;4;
judgment;2;
judicial;1;
jumbomania;1;
jupiter;2;
jury;1;
juryman;4;
just;10;
justifiable;1;
justly;1;
kaiser;1;
kaisers;1;
keane;1;
keep;5;
keeper;1;
keeping;3;
kept;1;
khaki;1;
kick;1;
kill;1;
killed;1;
kind;6;
kindly;1;
kingdom;1;
kings;1;
knee;1;
knees;1;
knew;3;
knob;1;
knock;2;
knocks;1;
knout;1;
know;15;
know--goes;1;
know--whispering;1;
knowledge;3;
known;3;
knows;3;
l-e-r-n;1;
laboriously;1;
lack;1;
lad;1;
lady;2;
lady--as;1;
lake;1;
lancashire;1;
land;1;
land-girl;1;
landing-card;1;
lane;1;
language;1;
large;4;
largely;2;
larger;2;
largest;1;
larks;1;
last;11;
lasted;1;
latchkeys;1;
late;2;
later;2;
latest;2;
latin;1;
latins;1;
latterly;1;
laughed;1;
laughter;2;
law;2;
laws;8;
lay;2;
lead;1;
leading;1;
leaf;1;
league;2;
leans;1;
learn;2;
learned;4;
learnt;1;
leave;1;
leaves;2;
led;1;
left;5;
leg;2;
legal;2;
legally;1;
leghorn;1;
legs;1;
leisure;1;
less;5;
lest;1;
let;10;
lets;1;
letter;2;
letter-reading;1;
letters;2;
letting;1;
lexicon;1;
liability;3;
liable;1;
library;2;
license;16;
licensed;1;
lies;1;
lieu;3;
lieutenant;1;
life;4;
lift;1;
light;2;
like;17;
liked;2;
lily;1;
limitation;4;
limited;5;
limits;2;
line;3;
linger;1;
lining;1;
linked;1;
links;3;
lip;2;
lips;2;
liquid;1;
list;1;
lit;1;
literary;15;
little;13;
live;4;
lived;2;
lively;1;
liverpool;1;
living;1;
lloyd;1;
located;4;
locating;1;
locations;2;
london;6;
london--and;1;
long;7;
longer;2;
look;5;
looked;4;
looking;1;
loose;1;
lord;4;
lord----;1;
lord--he;1;
lordship;5;
lordships;1;
lost;3;
lot;3;
lounge;1;
love;1;
love-letters;1;
love-story;1;
loved;1;
lovelier;1;
lower;2;
lowestoft;1;
loyal;1;
loyally;1;
luck;2;
lucky;1;
luggage;1;
lunatic;1;
lunch;1;
lupino;2;
lxxix;1;
lying;1;
lyn;1;
m;1;
macbeth;1;
machine;3;
machinery;1;
machinery--hangers-on;1;
made;13;
magazine;1;
mahogany;1;
mail;1;
main;2;
maintaining;1;
majesty;1;
majestys;1;
major;2;
make;12;
make-up;1;
maker-up;1;
makes;2;
making;2;
malcolm;1;
male;1;
mall;1;
man;19;
managed;1;
manchester;1;
manimum;1;
manner;1;
manners;1;
mans;3;
many;5;
maple;1;
marc;1;
march--cork;1;
marching;1;
marie;1;
marine;1;
mark;1;
marked;2;
marks;1;
marriage;1;
marrow;2;
marry;1;
mars;1;
mary;1;
masculine;1;
masks;1;
mass;1;
mastered;1;
masterful;2;
masterpiece;1;
match;1;
mate;1;
material;1;
mating;1;
matrimony;1;
matter;5;
maximum;1;
may;32;
mayo;1;
mccleery;1;
mean;2;
meaning--rod-pole-or-perch;1;
meaningless;1;
means;6;
meant;1;
measured;2;
medical;1;
medicine;1;
meditations;1;
medium;6;
meet;3;
melan;1;
member;1;
memory;2;
men;10;
men--president;1;
mention;5;
mentioned;2;
merchantibility;1;
merchants;1;
mercy;1;
merely;1;
meruit;1;
message;1;
messrs;2;
met;3;
method;3;
methods;1;
miasta;1;
michael;3;
middle;1;
middle-aged;2;
midlands;1;
might;12;
miles;1;
military;2;
million;1;
millionaires;1;
mince-pie;1;
mind;4;
minister;4;
ministers;1;
ministry--the;1;
minks;1;
minute;2;
minuteness;1;
minutes;3;
minutiae;1;
miserably;1;
miss;6;
mission;4;
mississippi;1;
mistake;1;
mistaking--;1;
misunderstandings;1;
miximum;1;
mixture;1;
mobilise;1;
model;1;
modern;1;
modest;1;
modestly;1;
modification;1;
modified;1;
moment;2;
momentarily;1;
momentous;1;
moments;1;
monetary;1;
money;5;
mons;1;
month;1;
months;3;
moonlight;1;
moonlight--for;1;
mop;1;
more;15;
moreover;1;
morn;1;
morning;1;
mortal;1;
mortals;1;
moslem;1;
most;18;
mother;1;
moustache;1;
movement;1;
mps;1;
mr;33;
mrs;3;
much;14;
mud;1;
mules;1;
multiply;1;
munition;1;
munitions;2;
murder;1;
murmur;1;
murray;1;
muscle;1;
mushrooms;1;
must;21;
mutter;5;
muttered;1;
my;49;
mystery;1;
name;9;
name--ali;1;
named;2;
nap;1;
napoleonic;1;
napoleons;1;
nasty;1;
nations;2;
natural;1;
naturalised;1;
naturally;1;
nature;1;
nautical;1;
near;1;
nearly;2;
necessarily;1;
necessary;1;
neck;1;
need;4;
needed;1;
needs;1;
negligence;1;
negro;1;
neither;2;
neo-futurist;1;
nerve;1;
nervous;1;
nervously;1;
network;1;
neutrals;1;
never;17;
new;17;
newby;1;
newest;1;
news;4;
newsletter;1;
newspaper;2;
next;5;
nice;3;
nightly;1;
nine;1;
ninth;1;
no;45;
noble;1;
non;1;
nondescript;1;
nonproprietary;1;
noo;1;
nor;2;
normans;1;
north;2;
northampton;1;
norway;1;
nose;1;
not;67;
notable;1;
note;3;
notice;3;
notices;1;
noticing;1;
notifies;1;
notion;1;
novel;2;
novelist;1;
novelists;1;
november;2;
now;12;
nowadays;1;
nuisance;1;
number;13;
numbers;4;
numerous;2;
nurse;1;
nuts;1;
o;2;
object;1;
objection;1;
observing;1;
obsolete;1;
obtain;4;
obtaining;2;
obvious;1;
occasion;1;
occasionally;1;
occasions;1;
occur;1;
occurred;1;
occurred--;1;
oclock;1;
october;1;
octogenarian;1;
odd;1;
oer;2;
of;447;
of--such;1;
off;7;
offer;2;
offering;2;
offers;2;
office;7;
officer;7;
officers;1;
offices;1;
official;13;
officials;2;
oft;1;
often;3;
oh;2;
olaf;1;
old;16;
older;1;
on;69;
once;6;
one;34;
one--;1;
one--the;1;
ones;4;
online;5;
only;10;
open;2;
opened;1;
operatic;1;
opinions;3;
opponent;1;
opportunities;1;
opportunity;4;
order;3;
ordered;1;
orders;1;
ordinary;3;
organized;1;
orgean;1;
orient;1;
original;3;
originator;1;
orpington;1;
others;3;
otherwise;1;
ought;7;
oughter;1;
our;26;
out;25;
outdated;1;
output;1;
outside;4;
over;7;
over-cultivated;1;
overdrawn;1;
owed;1;
owen;2;
owing;1;
own;11;
owner;7;
owners;2;
owns;2;
pace;2;
packed;2;
page;5;
pageants;1;
pages;3;
paid;6;
painted;1;
pair;1;
pairs;1;
palatial;1;
pale;2;
pall;1;
palmam;1;
pan;3;
pantaloon;1;
pantomime;1;
pantomimes;1;
paper;15;
papers;4;
papers--lightly;1;
paperwork;1;
paragraph;11;
paragraphs;3;
parallelogram;1;
paratyphoid;1;
parent;2;
parents;1;
parents--urged;1;
paris;1;
parody;1;
part;10;
participated;1;
particular;3;
particular--should;1;
particularly;2;
partly;2;
partnership;1;
parts;1;
party;2;
pas;1;
pass;3;
passed;2;
passionate;1;
passport;2;
patch;2;
path;3;
pathetic;1;
pathos;1;
patriotic;1;
pause;2;
pauses;2;
pavem;1;
pay;2;
paying;3;
payments;3;
peace;5;
peace--very;1;
peculiar;1;
peel;1;
peg;1;
pen;1;
pencil;1;
penned;1;
people;8;
perfect;1;
perform;1;
performances;1;
performed;1;
performing;3;
perfunctory;1;
perhaps;4;
periodic;1;
permanent;2;
permission;7;
permit;2;
permitted;3;
perplexity;1;
person;8;
personal;4;
personality;2;
personally;1;
personally--will;1;
persons;4;
perspective;2;
persuadable;1;
persuade;1;
persuasive;1;
peruse;1;
pessimist;1;
pet;1;
petticoat;1;
petty;1;
pg;1;
pglaf;1;
phenomenon;1;
philip;1;
photographs;2;
phrase;5;
physical;2;
piano;1;
pica;3;
picador;1;
pick;1;
picture;1;
pictures;1;
pier;2;
pillow;1;
pine;1;
pink;1;
pipes;1;
pitch;1;
pivotal;1;
place;6;
placed;3;
plain;3;
plan;3;
plank;2;
plans;1;
play;4;
played;5;
pleaded;1;
pleasant;1;
please;4;
pleased;1;
pleasure;2;
plenty;1;
plot;1;
plots;3;
plucks;1;
pocket;1;
poetry;1;
point;3;
pointed;1;
points;1;
poles;1;
policemen;1;
polished;1;
politicians;2;
pondered;1;
ponnun;1;
poor;2;
popocatapetl;1;
popular;3;
port;1;
portals;1;
possessed;1;
possessing;2;
possession;3;
possibility;1;
possible;3;
possibly;1;
posted;7;
postpone;1;
postponed;1;
postponement;1;
poultry;1;
poultry-yard;1;
pound;1;
pounds;2;
pour;1;
power;1;
poznania;1;
pozyczkowe;1;
pr;1;
practical;4;
practically;1;
practice;1;
prances;1;
pray;1;
pre-war;1;
precedent;1;
prefaced;1;
preferred;1;
prejudice;2;
prejudiced--again;1;
premier;1;
prepare;2;
prepared;1;
presence;2;
present;4;
presents;1;
preserve;1;
preserves;1;
president;10;
press;1;
pressed;2;
presses;1;
pretences;1;
pretty;2;
prevent;1;
previous;1;
previously;2;
prime;1;
primer;1;
prince;2;
principal;2;
print;2;
printed;4;
printing;1;
prints;1;
prior;1;
prison;1;
prisoner;1;
prisoners;1;
private;3;
privilege;1;
prix;1;
prizes;1;
probably;3;
problem;1;
proceeds;2;
process;1;
processing;1;
produce;1;
produced;2;
production;3;
productions;1;
profess;1;
professor;1;
profit;1;
profiteers;1;
profits;1;
profound;1;
prohibition;1;
project;88;
prominently;2;
promise;1;
promoting;2;
promotion;1;
promotion-rifleman;1;
proof;2;
proofread;1;
proofreading;1;
propaganda;1;
propelling;1;
proper;2;
property;3;
prophet;1;
proportions;1;
proprietary;1;
proprietors--start;1;
propriety;1;
prosecution;1;
prospect;1;
protect;2;
protest;1;
prove;3;
proved;1;
proves;1;
provide;8;
provided;6;
providence;1;
providing;4;
proving;1;
provision;1;
provisions;1;
provoke;2;
przemyslowcow;1;
public;10;
publicists;1;
publishers;1;
pudding;1;
pullet;1;
punch;12;
punch--i;1;
punchs;2;
punctually;1;
punitive;1;
puppets;1;
purchase;1;
purchasers;1;
pure;1;
pure-bred;1;
purpose;4;
pursuit;1;
push;1;
puss;2;
put;2;
putting;1;
puzzled;1;
puzzling;1;
qmaac;1;
qmaacs;1;
quality;1;
quarter;1;
quarter-deck;1;
queen;2;
question;2;
questions;1;
qui;2;
quite;8;
quotation;1;
quousque;1;
race;1;
races;1;
rack;1;
radium;1;
rage;1;
rail;2;
railway;1;
ran;1;
ranges;1;
rare;1;
rarest;1;
rates;1;
rather;6;
ration;1;
re-echoes;1;
re-told;1;
re-use;2;
reach;2;
reaches;1;
reaching;1;
read;6;
readable;2;
readers;3;
readily;1;
reading;2;
reads;1;
ready;2;
real;2;
realise;1;
realising;1;
really;2;
reappointed;1;
reason;1;
reasonable;2;
rebuke;1;
receipt;3;
receive;4;
received;5;
receiving;2;
recently;3;
recklessness;1;
reckoned;1;
recognizances;1;
recognize;1;
recollection;1;
recommended;1;
recommending;1;
reconstruction;2;
records;1;
recovers;1;
recruits;1;
red;2;
redecorating;1;
redistribute;1;
redistributing;2;
redistribution;2;
reducing;1;
references;2;
referred;1;
refers;1;
refrain;1;
refresh;1;
refund;10;
refuses;1;
regaled;1;
regard;1;
regarding;1;
registered;2;
regret;1;
regular;1;
regulating;1;
release;3;
reliance;1;
relished;1;
remain;1;
remained;1;
remaining;1;
remains;2;
remark;1;
remarked;2;
remarks;4;
remedies;1;
remembering;2;
reminds;2;
reminiscences;1;
remote;1;
remove;1;
removed;3;
removes;1;
removing;1;
renamed;2;
repairs;1;
repartee;1;
replace;2;
replaced;1;
replacement;5;
replied;4;
reply;1;
report;1;
reported;4;
reports;2;
representations;1;
reputation;3;
request;1;
require;3;
required;1;
requirements;4;
research;2;
resemble;1;
reserved;1;
resigned;3;
resisted;1;
resolved;1;
resounding;1;
respectable;1;
responded;1;
rest;2;
restricting;1;
restrictions;2;
result;2;
results;2;
retain;1;
retiring;1;
return;6;
returning;2;
returns;1;
revealed;2;
revelled;1;
revenue;1;
reversed;1;
revolved;1;
revues;1;
rhine;1;
rhode;1;
ribs;1;
rice;2;
rid;1;
right;8;
rigorous;1;
ringing;1;
rises;1;
rising;1;
roar;1;
roared;1;
robbers;1;
robert;1;
roberts;1;
robins;1;
romans;1;
roof;1;
room;3;
rooms;1;
roosting;1;
round;2;
rouse;1;
rover;1;
royal;7;
royalties;2;
royalty;3;
rules;2;
rumour;1;
run;2;
runs;1;
rush;1;
rushed;2;
russia;1;
russian;1;
russians;1;
rusticus;1;
ruthlessly;1;
s;3;
s/he;1;
safely;1;
said;20;
said--submitted;1;
sailing;1;
saintly;1;
sale;3;
saloon;1;
salt;1;
salute;1;
saluting;2;
same;8;
sample;1;
sandra;1;
sane;1;
satisfy;1;
saturday;1;
savary;1;
save;1;
savour;1;
saw;3;
sawdust;1;
saxons;1;
say;15;
says;9;
scales;1;
scarce;1;
scaremonger;1;
scathing;1;
scattered;3;
scene;2;
scenes;1;
scent;1;
sceptical;1;
scheme;1;
schemed;1;
schweinhund;1;
scoop;1;
scottish;1;
scowl;1;
scrupulous;1;
scrutator;2;
scuse;1;
scutum;1;
sealed;1;
seamen;1;
search;2;
seat;1;
seated;1;
second;20;
second-rate;1;
secreted;1;
secrets;1;
section;7;
sections;1;
secure;1;
see;11;
seek;1;
seem;1;
seemed;2;
seems;3;
seen;3;
seizes;1;
seldom;1;
selected;1;
selecting;1;
selection;1;
selling;1;
semi-official;1;
send;1;
sending;1;
sensation;1;
sense;1;
sent;3;
sentence;4;
separate;1;
sequel;1;
sergeant;2;
sergeant-major;1;
serial;1;
series;1;
serious;1;
service;3;
services;3;
set;12;
setting;1;
settle;1;
seven;1;
several;7;
sex;2;
shakespeare;1;
shaking;1;
shakspeare;1;
shaky;1;
shall;8;
shand;1;
shape;1;
share;1;
shared;1;
sharing;1;
sharpen;1;
sheaves;1;
shed;1;
sheen;1;
sheep-rancher;1;
shet;1;
shied;1;
shillings;2;
ship;1;
shivered;1;
shock;1;
shook;1;
shootings;1;
short;2;
shortage;1;
shortly;1;
should;14;
shoulder;1;
shouldnt;1;
shout;1;
shouting;2;
show;4;
showing;1;
shown;1;
shows;1;
shrilly;1;
shuffle;1;
siberia;1;
sick;1;
side;1;
sides;1;
sighed;1;
sign;1;
signal;1;
signatures;1;
significant;1;
silence;6;
silent;1;
silver;1;
similarly;1;
simmons;7;
simpkins;9;
simplified;1;
simply;3;
since;4;
sing;1;
single;1;
sir;14;
sir--i;1;
sir--its;1;
site;4;
sitting;2;
situated;2;
situation;2;
six;2;
six-inch;1;
sixpence;1;
sixties;1;
size;2;
sketches;1;
skirl;1;
skittles;1;
sky;1;
sleep;3;
sleeps;1;
sleepwalking;1;
slightly;1;
slow;1;
slowly;1;
slumming;1;
smack;1;
small;7;
smell;1;
smith;2;
smithson;1;
smother;1;
snow;1;
snowden;1;
so;35;
society;2;
soft;1;
softly;1;
soldier;5;
soldiers;1;
sole;1;
solemn;1;
solf;2;
solicit;2;
solicitation;1;
solicitor;2;
some;24;
somehow;1;
somersault;1;
sometimes;1;
somewhat;1;
song;2;
soon;1;
sorrow;1;
sorry;1;
sort;1;
soul;2;
souls;1;
sound;4;
sources;1;
space;2;
sparks;1;
speak;3;
speaking;1;
speaks;1;
special;4;
specific;1;
specified;2;
specimen;1;
speech;2;
speeches;2;
speechless;1;
spell;1;
spent;1;
spick-and-span;1;
spirit;1;
spirits;2;
splendid;3;
spoil;1;
spoke;3;
spoke--;1;
spoken;4;
sport;1;
spot;1;
spread;1;
sprees;1;
spring;1;
sprinkled;1;
spy;1;
square;1;
squeeze;1;
stables;1;
staff;3;
stain--;1;
stair;1;
staircase;1;
stairs;1;
stammered;1;
standard;1;
standing;2;
stands;1;
stanley;2;
start;6;
starts;1;
state;9;
statements;1;
states;17;
statesman;1;
statesmen;1;
statistical;1;
status;4;
stayed;1;
stealing;1;
step;2;
stern;1;
steward;2;
sticklebacks;1;
still;8;
stone;1;
stood;3;
stored;1;
stories;3;
story;4;
story-teller;1;
stoughton;2;
strafed;1;
straight;1;
strangely;1;
strategy;1;
stratford-on-avon;1;
street;3;
strict;1;
strictly;1;
strong;3;
strongly;1;
struck;2;
study;3;
stuff;4;
stupor;1;
sturdy;1;
subaltern;1;
subdirectory;1;
subject;3;
subjects;1;
submit;1;
submits;1;
subscribe;1;
subscriber;1;
subscribers;1;
subtle;1;
subtlety;1;
succeeded;1;
success;2;
successive;1;
such;17;
suffering;1;
sufficient;1;
suffuses;1;
suggested;2;
suit;2;
summer;1;
summoned;1;
sunday;1;
sundered;1;
superficial;1;
superior;1;
superstitions;1;
support;4;
suppose;6;
supposes;1;
sure;2;
surely;2;
surly;1;
surprising;1;
surrender;1;
surroundings;1;
survive;1;
susceptible;1;
suspected;1;
suspicion;1;
suspicions;1;
swab;2;
swallowed;1;
swamp;1;
swears;1;
sweet;2;
sweeter;2;
swimming;1;
swing;1;
sworn;1;
sympathetic;1;
sympathy;1;
synonymous;1;
system;2;
taboo;1;
tactics;1;
taffrail;2;
taffrails;2;
tags;1;
take;8;
taken;5;
takes;1;
taking;1;
tale--;1;
tales;1;
talk;4;
tall;1;
tallest;1;
tamper;1;
tandem;1;
tapped;1;
taps;1;
task;1;
taste;3;
taught;1;
tax;6;
taxes;1;
tea;1;
teak;1;
team;2;
tears;1;
technical;1;
teeth;1;
telegraph;1;
tell;3;
telling;1;
tells;1;
temperament;1;
tempered;1;
temple;1;
temptation;1;
ten;6;
tenth;1;
ter;2;
terms;21;
terms--like;1;
terrifying;1;
than;20;
thank;2;
thanks;1;
thats;2;
theatre;1;
their;15;
themes;1;
then;19;
theoretic;1;
theory;2;
there;35;
theyre;1;
theyve;1;
thickest;1;
thin;1;
thing;1;
things;6;
thingumyjig;1;
think;13;
thinking;1;
thinks;2;
thirty;1;
tho;1;
thoroughly;1;
though;6;
thought;8;
thoughtfulness--no;1;
thousand;1;
threatening;2;
threatens;1;
three;11;
thrice-blessed;1;
thrilling;1;
throne;1;
through;6;
throughout;2;
throwing;1;
thrown;1;
thud;1;
thump;1;
thunderbolts;1;
thursday;1;
thus;2;
thus--;1;
till;2;
tilting-space;1;
time;14;
times;7;
timeworn;1;
tins;1;
tired;1;
title;2;
titter;1;
to-day;1;
together;3;
toiled;1;
told;8;
toll;1;
tommy;2;
tonans;1;
tones;1;
tongue;1;
too;16;
took;3;
top;2;
topical;2;
touch;1;
touch--who;1;
towards;2;
towarzystwo;1;
traces;1;
trade;1;
trade-mark;1;
trademark;10;
trademark/copyright;1;
tradition;1;
traffic;1;
tragic;1;
tragical;1;
train;1;
transcribe;1;
transcription;1;
transfer;1;
transfigured;1;
transform;1;
transformed;1;
translated;1;
tread;1;
treated;2;
treatment;2;
tremor;1;
trenches;2;
trial;2;
trials;1;
tried;1;
trifles;1;
trill;1;
triumphant;1;
troops;1;
trotsky;1;
true;1;
trust;4;
truth;2;
trying;1;
tumult;2;
turkish;2;
turn;2;
turned;4;
turning;1;
turns;2;
twelve;1;
twelve-and-sixpenny;1;
twenty-fifth;1;
twitch;1;
twixt;1;
two;9;
type;9;
types;1;
typewriter;1;
typhoid;1;
typographical;2;
typographically;1;
ultimately;1;
umph;1;
un;1;
un-godlike;1;
un-imperial;1;
unapproachable;1;
unassisted;1;
unburden;1;
uncle;1;
uncomfortable;1;
under;11;
understand;2;
understanding;1;
undimmed;1;
undue;2;
unemployed;1;
unenforceability;1;
unfeminine;1;
unfit;1;
unflagging;1;
unfortunate;1;
unhappy;1;
uniform;1;
united;11;
universal;1;
unknown;3;
unless;4;
unlink;1;
unlovely;1;
unnatural;1;
unparalleled;1;
unsilent;1;
unsolicited;1;
untidy;1;
until;2;
untouched;1;
unusual;2;
unusually;1;
up;22;
updated;1;
upon;14;
upper;2;
urgency;1;
us-ascii;1;
use;13;
used;8;
user;3;
ushers;1;
using;5;
usual;4;
ut;1;
utilize;1;
utmost;1;
utterance;1;
vacuum;1;
valet;1;
vallings;2;
valuable;1;
value;2;
vanilla;3;
vans;1;
varied;1;
variety;1;
various;4;
vaster;1;
vc;1;
ventilation;1;
venture;1;
ventured;1;
verdict;1;
versailles;1;
verses;1;
version;2;
versions;1;
very;16;
vestige;1;
veteran--middlin;1;
vetoed;1;
victim;3;
victims;1;
victuals;1;
view;6;
viewed;1;
viewing;1;
views;2;
viii;1;
village;1;
villain;1;
villainous;1;
villains;3;
vindex;1;
violates;1;
virus;1;
vise;1;
visit;2;
vogue;1;
voice;1;
voices;1;
void;1;
vol;5;
volume;4;
volunteer;1;
volunteers;6;
wage;2;
waged;1;
wages;1;
waiting;3;
waking;1;
walk;1;
walks;1;
walls;1;
wandered;1;
wanderers;1;
want;3;
wanted;2;
war;20;
warder;2;
warders;1;
warmly;2;
warranties;3;
warranty;2;
warriors;3;
warwickshire;1;
was;72;
washed;1;
washington;3;
wasnt;3;
waste;1;
watch;1;
watched;1;
watchman;1;
water;3;
water-colour;1;
watered;1;
way;7;
way--letter;1;
ways;1;
weak;1;
wears;1;
weary;1;
weather;2;
web;6;
wedge;1;
week;6;
weekends;1;
weekly;1;
weeks;1;
weighed;1;
weiringen;1;
welcome;1;
well;9;
went;3;
were;18;
werent;1;
west;2;
west-endy;1;
westbourne;1;
whatsoever;2;
whenever;1;
whereas;1;
wherein;1;
whereon;1;
whether;2;
whichever;1;
while;8;
whisky;2;
whisper;2;
whispers;1;
white;1;
whole;4;
wicked;2;
wide;1;
widest;2;
widower;1;
wield;1;
wife;3;
wiggs;2;
will;34;
william;21;
williams;1;
wilson;7;
wilsons;2;
win;3;
windows;3;
windus;1;
wine;1;
winged;1;
winning-post;1;
winter;1;
wiped;1;
wish;5;
wit;1;
with;121;
within;7;
without;14;
witness;4;
wnw;1;
wobbly;1;
woman;2;
women;5;
womens;2;
won;5;
wonder;1;
wondered;1;
wonderfully;1;
wont;1;
wood;3;
wood--its;1;
word;8;
words;5;
wore;1;
work;53;
work--provincial;1;
worked;1;
workers;1;
working;2;
working-party;1;
works;33;
world;6;
worldling;1;
worse;2;
worst;2;
worth;3;
worthless;1;
wots;1;
would;25;
wouldnt;1;
wound;1;
wound-stripes;1;
wounded;2;
wrapper;1;
wreck;1;
wretched;3;
write;4;
writer;2;
writers;1;
writes;1;
writing;6;
written;6;
wrong;1;
wwwgutenbergorg;3;
wyandotte;1;
year;2;
years;6;
yer;2;
yet;11;
yield;1;
yon;1;
york;4;
young;2;
your;22;
youve;2;
yuletide--scottish;1;
zeebrugge;1;
zep;1;
zestful;1;
zipped;1;
zohenhollern--hohenzollern;1;
zollern;1;
zollern--o-n;1;
zone;2;
