;119;
-;7;
/etext;1;
11347txt;1;
11347zip;1;
15th;1;
1a;1;
1b;1;
1c;2;
1d;1;
1e;2;
1e1;5;
1e2;1;
1e3;1;
1e4;1;
1e5;1;
1e6;1;
1e7;3;
1e8;4;
1e9;3;
1f;1;
1f1;1;
1f2;1;
1f3;4;
1f4;1;
1f5;1;
1f6;1;
2d;1;
363rd;1;
3rd;2;
4th;2;
501c3;2;
596-1887;1;
64-6221541;1;
6th;1;
8th;1;
a-head;1;
a-scrubbing;1;
abandoned;1;
abbey;1;
abide;1;
able;1;
abode;1;
about;20;
above;8;
absconded--while;1;
absence;2;
abstain;1;
abstained;1;
absurd;1;
abundance;1;
academus;1;
accept;2;
accepted;5;
accepting;1;
access;10;
accessed;1;
accessible;1;
accidence;1;
accident;2;
accompanied;1;
accordance;2;
according;3;
accordingly;6;
account;5;
accounts;2;
accumulating;1;
acknowledge;1;
acknowledgment;1;
acquaintance;5;
acquaintance--wax;1;
acquaintances;1;
acquainted;1;
acquired;3;
acres;1;
act;2;
acted;2;
action;2;
active;4;
activity;1;
actual;1;
added;3;
addicted;1;
addison;1;
addition;4;
additional;4;
additions;1;
address;1;
addresses;2;
addressing;1;
adjoining;1;
admitted;3;
adopted;1;
adopts;1;
advantage;1;
adventurers;1;
advice;1;
aerial;1;
aethiop;1;
affairs;1;
afforded;2;
affords;1;
afraid;1;
afterwards;1;
again;4;
against;3;
age;5;
aged;2;
agent;1;
ages;1;
aggera;1;
agility;1;
agitated;1;
agree;9;
agreeable;1;
agreed;1;
agreement;18;
aid;3;
ain;1;
air;6;
airy;1;
ak;1;
alarm;1;
alarmed;1;
alas;2;
albemarle;1;
ale;2;
alertness;1;
alexis;1;
all;67;
allen;4;
allia;2;
alliances;1;
allow;1;
allowed;1;
allude;1;
allusion;1;
allusions;1;
allyd;1;
almoran;1;
almost;6;
alnwick;2;
alone;4;
along;3;
already;3;
also;9;
altar;2;
alter;1;
alteration;2;
alterations;2;
altering;1;
alternate;1;
alternately;1;
alternative;1;
although;2;
always;10;
am;6;
amazed;1;
ambitious;1;
amid;4;
among;7;
amongst;2;
amounted;1;
ample;1;
amusement;5;
amusements;1;
amusing;3;
anachronisms;1;
ancestry;2;
ancient;5;
andrews;1;
anecdote;2;
anecdotes;1;
anes;1;
angling;1;
angry;1;
animal;2;
animals;1;
animated;5;
ankles;1;
anne;2;
annes;1;
anniversary;2;
announce;1;
announced;1;
annuity;1;
answer;3;
answered;6;
answers;1;
antagonist;1;
antedated;1;
anticipated;1;
antiphones;1;
antiquity;2;
anxious;2;
anywhere;2;
apartment;5;
apollyon;3;
apollyon--;1;
apollyons;1;
apology;1;
apophrades;1;
apoplexy;1;
apothecary;1;
apparel;1;
apparently;1;
appear;3;
appearance;4;
appeared;8;
appearing;1;
appears;6;
appetite;1;
apple;2;
applicable;3;
applied;1;
apply;1;
appointed;1;
apprehensive;1;
approach;4;
approached;4;
appropriated;1;
april;1;
apt;1;
aquinius;1;
arch;1;
archdeacon;1;
arches;2;
architectural;1;
archive;13;
archives;1;
ardour;1;
arise;3;
arising;1;
aristogeiton;1;
arm;1;
armed;1;
armenians;1;
arms;4;
arnheim;26;
arnheims;1;
arose;1;
around;7;
arranged;1;
arrangement;1;
arras;1;
array;1;
arrival;1;
arrive;1;
arrived;2;
art;4;
article;3;
articles;1;
artificial;1;
arts;2;
arundel;1;
as-is;1;
ascending;1;
ascent;1;
ascii;3;
ashes;1;
asiatic;1;
aside;3;
ask;2;
asked;3;
aspect;1;
assemble;2;
assembled;4;
assemblies;1;
asserted;2;
asserts;2;
assistance;3;
assistant;2;
assistants;1;
associated;8;
associates;1;
associations;1;
assuming;1;
astonished;1;
astonishment;1;
astracan;1;
athenian;1;
athenians;2;
athlia;1;
attached;1;
attempt;1;
attendance;1;
attendant;2;
attendants;1;
attended;6;
attendeth;1;
attention;2;
attentive;1;
attic;1;
attica;2;
attracted;2;
attractive;1;
attributed;1;
auburn;1;
aught;2;
augmentation;1;
august;2;
augustus;1;
author;1;
authority;1;
authors--they;1;
autumn;1;
avail;1;
available;2;
avenger;1;
averred;1;
aware;1;
away--you;1;
awry;1;
babe;1;
babylonians;1;
back;3;
backward;1;
bad;1;
bade;1;
balancing;1;
baliol;1;
bamberg;1;
banisters;1;
banks;1;
banners;1;
barbarous;1;
bare;1;
bark;1;
baron;36;
baroness;11;
baronial;2;
barons;4;
barrier;1;
basaltic;1;
base;1;
based;5;
bathes;1;
battle;1;
battles;1;
bawbees;1;
beam;4;
beard;1;
beaten;1;
beauteous;1;
beautiful;14;
beautifully;2;
beauty;1;
became;11;
became--bankrupt;1;
because;7;
become;2;
becomes;1;
bed;3;
been;42;
beer;2;
beforehand;1;
beg;2;
began;6;
beginning;2;
beheld;2;
behind;4;
being;17;
belief;1;
believe;2;
believed;4;
bell;1;
bells;1;
below;5;
bench;1;
benches;1;
beneficial;1;
benefit;1;
benjamin;1;
bennet;3;
bent;1;
bequeath;1;
beside;1;
besides;3;
besieged;1;
best;4;
bestride;1;
betook;1;
better;5;
between;6;
betwixt;2;
beverage;1;
big;2;
billows;1;
binary;1;
biographers;1;
biographical;1;
birch;1;
bird;1;
birth;4;
birthday;1;
birthplace;1;
bishop;2;
black;8;
blackening;1;
blame;1;
blank;1;
blast;1;
blasts;1;
blessed;1;
blew;1;
blight;1;
blights;1;
blood;4;
blue;3;
blush;1;
board;2;
boarding-school;1;
body;1;
bolt;3;
bolzani;1;
bone;1;
books;1;
bore;2;
born;5;
bosom;2;
boswell;2;
both;8;
bottel;1;
bottells;1;
bottels;2;
bottled;1;
bottles;1;
bottling;1;
bottom;1;
boughs;1;
bought;1;
bound;2;
boundaries;1;
boundary;1;
bowed;1;
bowyear;1;
boy;5;
boyhood;1;
boys;1;
brain;2;
brave;1;
breach;2;
breadths;1;
break;1;
breakfast;3;
breath;1;
breathed;1;
bred;1;
brick;1;
brief;2;
briefly;1;
bright;1;
brilliancy;1;
brilliant;2;
bring;1;
brings;1;
briskly;1;
bristol;1;
britain;1;
brooch;1;
broom;2;
brother;4;
brought;6;
brow;1;
brown;1;
bruars;1;
bruce;1;
bud;1;
buff-coat;1;
building;5;
buildings;1;
built;3;
burial;1;
buried;1;
burning;2;
burns;1;
burnt;2;
bury;1;
bush;1;
business;11;
business@pglaforg;1;
butler;1;
byron;1;
cabbage;1;
caesar;2;
caftan;1;
calculate;1;
calculated;2;
calendae;1;
calendar;1;
calends;1;
call;1;
called;8;
calumnies;1;
calumny;1;
cam;1;
cambridge;6;
cambridgeshire--the;1;
came;6;
camp;1;
campaign;1;
can;15;
candidate;1;
candles--sherry--madeira--french;1;
cannae;1;
cannot;5;
cap;1;
capacities;1;
caprification;1;
caprotinae;1;
caps;1;
card;1;
cardinalate;1;
care;2;
cares;1;
carriage;2;
carriages;1;
carried;4;
carry;1;
carved;2;
case;4;
cask;1;
caspar;3;
cassock;1;
cast;3;
casting;1;
castle;21;
castles;1;
catacomb;2;
catastrophe;1;
catharine;2;
catholic;3;
catos;1;
cause;6;
caused;1;
caution;1;
cave;1;
caverns;1;
cease;1;
ceiling;1;
celebrated;2;
celebrity;1;
cell;1;
censorious;1;
centred;1;
centuries;1;
ceremonies;1;
ceremony;2;
ceres;1;
certain;4;
certainly;3;
chain;1;
chained;1;
chaise;3;
chaldeans;1;
chaldron;1;
challenged;1;
chamber;4;
chamberlains;1;
chambers;2;
champions;1;
chance;3;
chanced;2;
change;3;
changing;1;
channel;1;
chapel;9;
character;6;
characters;3;
charge;6;
charges;1;
chariot;3;
charitable;1;
charities;1;
charles;2;
charm;1;
charter;1;
chase;1;
cheap;1;
cheapness;1;
cheating;1;
check;2;
checks;1;
cheeks;1;
cheerfully;1;
chemists;1;
chief;1;
chiefly;1;
chiefs;1;
child;5;
child--madame;1;
children;1;
china;1;
chinese;1;
chinks;1;
chivalry;1;
choice;1;
choking;1;
choose;1;
chop;1;
chosen;1;
christened;1;
christening;1;
christian;2;
christianity;1;
christie;1;
church;4;
churches;1;
churchyard;1;
circles;1;
circumstance;1;
circumstances;4;
cities;2;
city;2;
civilized;1;
claim;2;
claims;1;
clasp;2;
classical;1;
clay;1;
clear;1;
clearly;1;
clever;1;
cleverest;1;
clinker;1;
close;4;
closed;1;
closely;1;
closeness;1;
closest;1;
clothed;1;
clothes;1;
coach-hire;1;
coach-house;1;
coachman;1;
coals;1;
coast;1;
coating;1;
coats;1;
cock;1;
codes;1;
coelum;1;
coeumque;1;
coeval;1;
colchester;2;
collected;1;
collection;4;
college;4;
colleges;1;
colour;2;
colourless;1;
colours;1;
column;1;
columns;1;
combats;1;
combed;1;
combind;1;
come;8;
comfort;1;
comfortable;2;
comforted;1;
coming;1;
commanded;2;
commence;2;
commentator;1;
commercial;1;
committed;1;
common;2;
communicate;1;
companion;1;
companions;3;
company;9;
compared;1;
compelled;1;
compendium;1;
compiling;1;
complaisance;1;
complete;1;
complexion;2;
compliance;5;
compliments;1;
comply;6;
complying;3;
composition;1;
compressed;2;
comprise;1;
comus;1;
concealed;1;
conceive;1;
concept;2;
concerning;5;
concur;1;
condemned;1;
condition;1;
conducted;2;
confer;1;
confessing;1;
confession;1;
confidence;2;
confinement;2;
confines;1;
confirmation;1;
confirmed;1;
confusion;1;
confute;1;
congenial;1;
congregation;1;
conjunction;1;
conjuratos;1;
conjure;1;
connected;1;
connoisseur;1;
conscience;1;
consented;1;
consequence;2;
consequences;1;
consequential;1;
considerable;4;
considerably;2;
considered;6;
consigned;1;
consisted;1;
consistently;1;
conspicuous;1;
constant;3;
constantly;2;
constructed;1;
consulted;1;
contact;4;
contain;3;
contained;1;
containing;2;
contemplate;1;
content;2;
contented;1;
continue;2;
continued;2;
contract;1;
contrast;1;
contributed;2;
contributions;2;
contrived;2;
conversation;3;
conversed;2;
convert;1;
conveyed;2;
copied;3;
copies;7;
copy;12;
copying;4;
coral;1;
corinthian;1;
corner;1;
coronation;1;
corporation;1;
corpulent;1;
corrected;1;
corresponded;1;
correspondent;3;
corresponding;1;
corrupt;1;
cost;5;
costs;2;
costume;1;
cotemporary;1;
couch;1;
cough;1;
could;19;
councils;1;
count;1;
countenance;5;
counterplots;1;
countess;6;
countries;1;
country;9;
counts;1;
courage;1;
course;5;
court;5;
courted;1;
courtesy;1;
courts;1;
courtyard;1;
cousin;1;
cousins;1;
covered;3;
cradle;1;
crash;1;
crave;1;
creat;1;
create;1;
created;2;
creating;5;
creation;1;
creatures;1;
credit;2;
creep;1;
cremera;2;
cressets;1;
crew;1;
cried;3;
crime;1;
crippled;1;
crisis;1;
critical;1;
criticize;1;
cromwell;1;
crosier;1;
cross;2;
crossed;2;
crow;1;
crowd;2;
crowded;1;
crown;1;
crumbling;1;
crystal;1;
cumberland;1;
curiosity;2;
curious;2;
curiously;1;
current;2;
custom;2;
customers;1;
customs;1;
cut;1;
d;1;
daily;1;
dais;1;
damage;2;
damaged;1;
damages;4;
dame;1;
dance;4;
dancing;2;
dancing-girl;1;
danger;1;
dangerous;2;
dannischemend;6;
dare;1;
dared;1;
dares;1;
dark;7;
dark-red;1;
darling;1;
dash;1;
data;1;
date;5;
daughter;4;
daughters;1;
david;2;
dawn;1;
day;31;
day--translated;1;
day-light;1;
days;19;
de;2;
deacons;1;
dead;2;
dealers;1;
dear;1;
dearest;1;
death;5;
death-bed;1;
debts;1;
decaying;1;
decided;1;
declined;1;
decorated;1;
decorations;1;
dedicated;1;
deductible;1;
deeds;1;
deemed;1;
deep;3;
deeply;1;
defeat;2;
defeated;1;
defect;3;
defective;3;
defects;1;
defence;1;
defend;1;
deferred;1;
degree;2;
deletions;1;
delicacy;1;
delicious;1;
delight;1;
delightful;1;
delightfully;1;
delighting;2;
delights;1;
deliver;1;
demand;3;
demanded;1;
demands;1;
demon;1;
demonstrated;1;
denominated;1;
departed;2;
departure;1;
depending;1;
depends;1;
deposited;1;
deprived;1;
depth;1;
derivative;3;
derive;1;
derived;1;
descended;3;
described;3;
description;2;
deserve;1;
deservedly;1;
desire;1;
desired;1;
despicable;1;
despite;1;
despots;1;
dessert;1;
destiny;1;
destroy;2;
destroyed;3;
detach;1;
detect;1;
determine;1;
deuteronomy;1;
developing;1;
devices;1;
devil;1;
devotion;1;
devotions;2;
dictionary;1;
did;8;
die;2;
died;4;
different;4;
differing;1;
difficult;1;
difficulty;1;
diffused;1;
digit;1;
digits;1;
dignified;1;
diligent;1;
dim;1;
dine;1;
dining-room;1;
dinna;1;
dinner;3;
dipt;1;
direct;1;
directed;1;
direction;2;
directly;3;
director;1;
directories;1;
directory;1;
dirty;3;
disappointment;1;
disastrous;1;
disclaim;1;
disclaimer;3;
disclaimers;1;
discontinue;1;
discouraged;1;
discover;1;
discovered;3;
discussed;1;
discussion;1;
disease;1;
disgrace;1;
disguised;1;
disk;1;
dismay;2;
dismount;1;
dispensing;1;
dispersed;1;
display;2;
displayed;5;
displaying;4;
displeased;1;
displeasure;1;
disposed;1;
disposition;1;
disputed;1;
distance;3;
distant;3;
distinction;3;
distinguish;2;
distinguished;3;
distinguishing;1;
distracted;1;
distribute;6;
distributed;7;
distributing;7;
distribution;6;
distributor;1;
disturb;1;
ditch;1;
divided;1;
do;24;
doctor;4;
doctors;1;
doctrines;1;
does;3;
domain;8;
domes;1;
domestic;1;
domestics;1;
donate;3;
donation;1;
donations;15;
done;2;
donnerhugels;1;
donors;1;
dont;1;
door;15;
dormer;1;
dormitories;1;
dost;2;
doth;2;
double;1;
doubt;4;
down;2;
down--and;1;
download;2;
downloading;1;
dr;16;
dram;1;
draught;1;
draw;2;
drawbridge;1;
drawing;1;
drawn;3;
dreadful;1;
dream;1;
dress;4;
dressed;1;
dressing-gown;1;
drew;2;
drive;1;
driving;2;
drop;1;
dropped;1;
drops;1;
drugs;1;
dry;3;
duke;1;
duly;1;
dunbar;1;
dunbayne;1;
during;2;
dust;3;
dutch;1;
duty;1;
dwell;1;
dyes;1;
dying;2;
e-mail;1;
eager;1;
earl;1;
earliest;2;
early;3;
ears;1;
earth;5;
earthquake;1;
easily;3;
east;1;
eastern;2;
easy;1;
eat;1;
eaw;1;
ebooks;14;
ecclesiastical;1;
eclipsed;1;
ecstasy;1;
edge;2;
edinburgh;1;
edition;2;
editions;5;
editor;1;
educated;1;
education;2;
educational;1;
edward;2;
edwards;1;
een;1;
effect;2;
effort;2;
efforts;3;
egerton;1;
egypt;1;
egyptians;1;
eight;3;
eighteen;1;
ein;1;
either;6;
ekwall;1;
elapse;1;
elapsed;1;
elder;1;
elect;1;
elected;2;
election;1;
electronic;27;
electronically;2;
elegant;1;
elements;1;
elevated;1;
elizabeth;1;
ellwood;1;
elm;1;
else;2;
email;3;
emblazoned;1;
embraced;1;
emilius;1;
emitted;2;
emmanuel;1;
emotions;1;
emperor;2;
empire;2;
employee;1;
employees;2;
employment;1;
enables;1;
enacting;1;
encampment;1;
enchantress;1;
enclosing;1;
encoding;1;
encompassed;1;
end;6;
endowed;1;
endure;1;
engaged;1;
england;4;
english;4;
engravings;2;
enjoy;2;
enlivened;1;
enough;3;
ensued;1;
ensuing;1;
ensure;1;
ensuring;1;
entered;5;
enterprise;1;
entertained;1;
entertainment;1;
entire;1;
entirely;2;
entitled;2;
entity;3;
entrance;2;
enumerated;1;
enumerates;1;
envy;2;
epigram;1;
equally;1;
equipment;3;
eradicated;1;
ere;4;
erected;1;
error;2;
errors;1;
escaped;1;
eskdale;1;
eskdale-muir;1;
especially;1;
essences;1;
establishment;2;
esteem;1;
esteemed;2;
et;1;
etext;5;
ettrick;1;
eumenidesque;1;
even;10;
evening;4;
evenings;1;
event;1;
eventide;1;
events;4;
ever;9;
every;16;
evil;8;
exactly;1;
exaggerated;1;
example;1;
example--but;1;
exceed;1;
excellent;1;
except;4;
excepting;2;
excessive;1;
exclaimed;1;
exclaiming;1;
exclamation;1;
exclusion;1;
excuse;1;
executive;1;
exempt;2;
exercise;2;
exertion;1;
exhausted;1;
exhibition;1;
exiles;1;
exists;2;
expect;1;
expectation;1;
expected;3;
expend;1;
expense;6;
expenses;2;
expensive;1;
experienced;1;
experiment;1;
expired;1;
explanation;2;
expletive;1;
exporting;1;
express;1;
expressed;1;
expressive;1;
extend;1;
extending;1;
extent;2;
external;1;
extinguished;1;
extract;1;
extraordinary;2;
extravagance;1;
extravagant;1;
extreme;2;
extremely;3;
extremity;1;
eye;3;
eyebrow;1;
eyes;5;
f3;1;
fabii;1;
face;4;
faces;1;
facility;1;
facts;1;
faded;1;
fading;1;
fail;1;
failed;1;
faint;2;
fair;5;
fairbanks;1;
fairies;1;
fairy;1;
faith;2;
faithful;2;
faithfully;1;
fall;4;
fallen;2;
falling;2;
falsehood;1;
falsehoods;1;
fame;2;
famed;1;
familiarity;1;
families;1;
family;8;
famous;2;
fanned;1;
far;5;
farmer;4;
farther;2;
fascinating;1;
fashion;1;
fast;2;
fastened;1;
fasts;1;
fate;2;
father;3;
fathers;6;
fatuus;1;
fault;1;
favour;3;
favourable;1;
favourite;2;
fear;2;
fearful;1;
fears;1;
feasted;1;
feather;1;
february;1;
fed;1;
federal;2;
fee;8;
feed;1;
feel;2;
feeling;1;
fees;4;
feet;4;
fell;2;
fellow;2;
female;2;
fervour;1;
festival;1;
feudal;1;
fever;1;
few;9;
field;3;
fields;1;
fiend;3;
fifteen;2;
fifth;2;
fifty;2;
fig;3;
figs;10;
figure;5;
file;5;
filed;2;
filename;5;
filenames;1;
files;2;
filled;3;
finally;1;
financial;1;
find;4;
finding;1;
fine;3;
finger;2;
fire;5;
fire-place;1;
fired;1;
fireplace;1;
first;9;
fishing;1;
fit;1;
fitness;1;
fitted;1;
five;6;
fix;1;
fixed;1;
flame;4;
flash;2;
flashing;2;
flask;1;
flat;1;
fleeing;1;
flesh;1;
fleur-de-lis;1;
flirted;1;
flocked;1;
flood;1;
floor;5;
floorfu;1;
flourishing;1;
flowed;1;
flowers;2;
flows;1;
folds;1;
follow;2;
followed;4;
followers;1;
following;7;
folly;1;
fond;1;
fondness;1;
font-stone;1;
food;3;
fool;3;
foot;2;
foot-page;1;
footman--a;1;
footnote;1;
footstep;1;
for;136;
forbear;1;
forded;1;
forefathers;1;
forego;1;
forehead;2;
foreign;2;
forenoon;1;
foreseeing;1;
forest;2;
forfeiture--but;1;
forget;1;
forgiveness;1;
forgotten;1;
form;5;
formally;1;
format;4;
formation;1;
formats;3;
formd;1;
formed;11;
former;1;
forth;12;
forthcoming;1;
fortunate;2;
fortune;4;
fortunes;1;
forty;2;
forty-four;1;
forward;5;
forwards;1;
foster;2;
fought;3;
foul;2;
found;16;
foundation;23;
foundations;3;
founders;1;
founding;1;
fountain;1;
four;3;
fourteen;2;
frae;2;
fragment;1;
frail;1;
frame;1;
france;2;
frank;2;
fraternity;1;
fratres;1;
free;6;
freed;1;
freedoms;1;
freely;4;
freemans;1;
freemen;3;
french;1;
french--westminster;1;
frequent;3;
frequently;3;
fresh;4;
fretted;1;
friday;1;
friend;3;
friendly;1;
friends;4;
friendship;1;
frightened;1;
from;88;
front;1;
fruit;4;
fruits;1;
fuel;1;
fuge--pallidus;1;
full;20;
full-bottomed;1;
fullers;1;
funeral;1;
furies;1;
furnished;2;
furniture;1;
further;4;
future;5;
gaiety;3;
gain;1;
gained;3;
gallant;1;
galleries;1;
gallery;4;
gallias;1;
gallop;1;
games;1;
gang;1;
garcia;2;
garden;4;
gardener;4;
gardens;2;
garment;1;
garrick;2;
gasped;1;
gate;2;
gates;2;
gathered;1;
gatherer;1;
gathering;1;
gauls;1;
gaun;1;
gave;8;
gaze;2;
gazette;1;
gbnewby@pglaforg;1;
geierstein;2;
gem;4;
general;6;
generally;6;
generation;1;
generations;2;
generosity;1;
genii;1;
genius;2;
genteel;4;
gentlemen;4;
geor;1;
george;1;
german;2;
germany;2;
get;2;
getting;2;
ghost;1;
giant;1;
gift;1;
gilded;2;
give;7;
given;3;
glass;2;
gleam;1;
glimmerings;1;
glimpse;2;
gloom;2;
glory;1;
glow;1;
glowed;1;
gls;1;
go;4;
goals;1;
gods;2;
going;4;
gold;1;
goldsmiths;1;
good;15;
goodness;1;
goose;1;
gossamer;1;
got;2;
gothic;1;
gouvernante;1;
govern;1;
governess;1;
governors;1;
gown;3;
grammar;1;
grand;2;
granddaughter;1;
grandfather;1;
grant;1;
granted;1;
graphic;1;
grasp;1;
grass;1;
gratefully;1;
grave;2;
gravity;2;
great;8;
greatest;1;
greatly;1;
greek;3;
greeks;2;
green;1;
greenfield;1;
greeted;1;
gregory;1;
grew;2;
grey;1;
grillons;1;
groan;1;
grongar;1;
gross;1;
ground;5;
grounds;1;
group;1;
groves;2;
growing;1;
guardian;1;
gude;4;
guess;1;
guest;4;
guests;3;
guiding;1;
guise;1;
gulls;2;
gust-winds;1;
gutenberg-tm;56;
gutenberg-tms;1;
habitation;1;
habits;1;
had;71;
haddon;1;
hailstones;1;
hair;4;
half;5;
half-smiling;1;
hali;1;
hall;19;
hall1;1;
halls;1;
halted;1;
hamet;1;
hand;11;
handful;1;
handing;1;
hands;3;
hangs;1;
hannah;1;
happened;4;
happily;1;
happy;3;
happy--in;1;
harangues;1;
hard;1;
hardly;1;
hardy;1;
harmless;1;
harmodius;1;
harms;1;
harrow;8;
harrow-on-the-hill;1;
hart;2;
has;23;
haste;1;
hastened;1;
hasty;1;
hath;1;
hats--haste;1;
haughty;1;
have;40;
having;17;
hba;3;
head;5;
head-dress;1;
heads;2;
health;3;
heaps;1;
hear;2;
heard;11;
hearing;1;
heart;3;
hearts;2;
heath;1;
heaved;1;
heaven;4;
heavier;1;
heavy;1;
hecking;1;
hectic;1;
hedges;1;
height;1;
heights;1;
heir-looms;1;
held;6;
hell;2;
helmet;1;
help;3;
helpmate;1;
hen;1;
hence;1;
henry;2;
herald;1;
here;14;
herman;5;
hermione;8;
hero;1;
heroes;1;
heroine;1;
hesiod;1;
hesitate;1;
hexagonal;1;
hide-and-seek;1;
hiding-place;1;
hie;1;
hieroglyphical;1;
high;9;
highly;2;
hinted;1;
hired;1;
historic;1;
historical;1;
history;2;
histrionic;1;
hither;1;
hitherto;1;
hochspringen;1;
hogshead;1;
hold;4;
holder;4;
holland;1;
hollow;1;
holly;1;
holy;5;
holy-water;1;
home;2;
honour;2;
honoured;1;
hooker;1;
hope;3;
hope--a;1;
hoped;1;
hopes;1;
horapollo;1;
horizon;1;
horse;9;
horseback;1;
horses;4;
hospitable;1;
hospitality;2;
host;2;
hostess;1;
hot;2;
hot-house;1;
hotel;1;
hour;5;
hours;3;
house;19;
household;3;
houses;2;
how;8;
however;12;
html;1;
https//gutenbergorg/license;1;
https//pglaforg;2;
https//pglaforg/donate;1;
https//pglaforg/fundraising;1;
https//wwwgutenbergorg;1;
https//wwwgutenbergorg/1/0/2/3/10234;1;
https//wwwgutenbergorg/1/1/3/4/11347/;1;
https//wwwgutenbergorg/2/4/6/8/24689;1;
https//wwwgutenbergorg/etext06;1;
https//wwwgutenbergorg/gutindexall;1;
https//wwwpglaforg;1;
huddleston;2;
huddlestons;2;
huge;2;
human;2;
humphry;1;
hundred;1;
hundreds;1;
hung;3;
hunting;2;
hurt;1;
husband;4;
hush;1;
hypertext;1;
hypochondriac;1;
i--;1;
idea;2;
idea--;1;
identical;1;
identification;1;
identify;2;
ides;5;
idleness;1;
idols;1;
ignis;1;
iii;1;
ill;1;
illness;1;
illuminated;1;
illustration;2;
illustrative;1;
imagery;1;
imagined;1;
imbued;1;
imitation;2;
immediate;4;
immediately;5;
immemorial;1;
immense;1;
implicit;2;
implied;2;
implored;1;
imply;1;
import;1;
importance;1;
important;2;
imposed;1;
impregnation;1;
impress;1;
impressed;1;
impression;1;
impropriety;1;
imprudent;1;
in;333;
inaccurate;1;
incapable;1;
incarnate;1;
incidental;2;
inclination;1;
inclined;1;
include;1;
included;3;
includes;1;
including;10;
incomplete;1;
inconceivable;1;
increased;3;
increasing;1;
indeed;6;
indefatigable;1;
indemnify;1;
indemnity;1;
indicate;1;
indicating;1;
indirect;1;
indirectly;1;
indiscriminately;1;
individual;5;
indolence;1;
induced;1;
indulged;1;
indulgencies;1;
indulging;1;
infamous;1;
infant;2;
infernal;1;
inferred;1;
influence;1;
information;8;
infringement;1;
ingenious;1;
ingram;2;
ingredient;1;
inhabitants;2;
inhabiting;1;
inheritance;1;
injured;1;
inmates;1;
inner;1;
inquire;1;
inquired;1;
insatiable;1;
inscribed;1;
inscription;1;
insert;1;
inspire;1;
instant;3;
instantly;1;
instead;5;
instruct;2;
instruction;4;
instructions;1;
instructress;1;
intellectual;3;
intelligence;1;
intelligencer;1;
intent;1;
interest;2;
interesting;5;
interior;1;
internal;1;
international;1;
interpreted;1;
interred;1;
interruption;1;
interspersed;1;
intervals;1;
interviews;1;
intimacy;1;
intimating;1;
into;13;
introduced;2;
introducing;1;
invalidity;1;
invitation;1;
invited;1;
iona;2;
irish;1;
irregular;1;
irs;1;
is;92;
island;1;
issue;1;
it--i;1;
italian;1;
its;26;
iv;1;
ivory;1;
jane;1;
jet;1;
jewel;2;
jews;1;
jinger;1;
john;2;
johnson;6;
johnsons;2;
johnstone;1;
joind;1;
joint;1;
joke;1;
jonathan;2;
jones;4;
joseph;1;
josephus;1;
josiah;1;
journal;1;
journey;1;
joy;2;
judge;2;
jugs;1;
july;2;
june;1;
just;7;
justify;1;
keen;1;
keep;4;
keeping;4;
keeps;1;
ken;1;
kept;2;
key;4;
killed;1;
killing;1;
kind;9;
kindled;2;
kindness;1;
kindred;2;
king;4;
kings;2;
kinsmans;1;
kinswoman;1;
kissed;1;
kitten;1;
knew;2;
knights;1;
know;5;
knowledge;4;
known;8;
l;1;
laboratory;4;
laboratory--the;1;
labyrinth;1;
ladies;1;
lady;7;
ladys;3;
laid;8;
lain;1;
lake;1;
laleham;8;
lambs;1;
lamp;2;
lamps;1;
lance;1;
lance-wood;1;
land;2;
lang;1;
language;3;
languages;1;
lapetumque;1;
large;13;
largely;1;
lasses;1;
last;8;
lastly;1;
late;1;
lately;1;
later;1;
latin;1;
latter;4;
law;4;
lawful;2;
lawn;1;
laws;9;
lay;2;
lead;1;
leads;2;
leap;1;
learn;1;
learned;1;
learning;3;
least;5;
leave;6;
left;4;
legal;2;
legally;1;
legend;1;
lemuria;1;
length;6;
lent;1;
less;5;
lessons;2;
let;6;
letter;3;
letters;1;
letting;1;
lexicographer;1;
liability;3;
liable;1;
libations;1;
libbertown;1;
liberality;1;
library;4;
license;15;
licensed;1;
lie;2;
lieu;2;
life;10;
lift;1;
light;18;
lighted;3;
lightless;1;
lightly;1;
lightness;1;
lightning;1;
lightnings;1;
lights;1;
like;13;
likely;1;
limbirds;1;
limitation;3;
limited;5;
line;2;
linen-draper;1;
lines;1;
linked;1;
links;3;
linnet;1;
lion;1;
lip;3;
lips;2;
liquid;1;
list;2;
literary;15;
literature;7;
litter;1;
little;16;
live;2;
lived;4;
liveliness;1;
lively;2;
lives;1;
living;3;
loathsome;1;
lobby;1;
located;4;
locating;1;
locations;2;
locked;3;
lodged;1;
lodging;5;
lofty;3;
london;4;
long;10;
longer;5;
longest;1;
look;2;
looked;4;
looking;3;
loop-hole;1;
loose;1;
lord;3;
lords;3;
lose;1;
losing;1;
loss;1;
lost;5;
lot;1;
loud;1;
louis;1;
loved;2;
lovely;5;
lovers;1;
low;1;
low--a;1;
lower;1;
lowth;1;
lucan;1;
luck;2;
luminary;1;
lunnon;1;
lust;1;
lustrous;1;
lynceus;1;
machine;1;
mackenzies;1;
mackin;1;
mad;1;
madame;2;
made;22;
madonnas;1;
magi;1;
magic;1;
magnificence;1;
magus;2;
maiden;2;
maidens;1;
mail;1;
main;1;
maintaining;1;
maintains;1;
majestic;1;
majesty;3;
make;7;
makes;1;
making;3;
male;2;
malevolent;1;
malicious;1;
mamma;1;
man;7;
man-at-arms;1;
manifested;1;
mankind;1;
manned;1;
manner;6;
manners;2;
manor;3;
manor-house;1;
mans;2;
mansion;2;
mansions;1;
manual;1;
manufacturers--could;1;
many;18;
marble;4;
march;1;
mark;2;
marked;5;
market;2;
market-woman;1;
marks;3;
marriage;2;
married;2;
marsingale;1;
mary;4;
marys;1;
mass;2;
masses;1;
master;9;
master-spirit;1;
masters;2;
mastership;2;
match-maker;1;
material;1;
materials;1;
maternal;1;
matter;1;
matters;1;
matthew;1;
maximum;1;
may;38;
mazes;1;
me--and;1;
meads;1;
meal;1;
mean;1;
meaning;1;
means;4;
meant;1;
meantime;3;
meanwhile;1;
measure;1;
medical;1;
medium;5;
meet;2;
meetings;1;
melan;1;
melancholy;2;
melon;1;
memorabilia;1;
memory;1;
men;3;
mending;1;
mens;1;
mentioned;1;
mentions;1;
merchant;2;
merchantibility;1;
mercy;1;
mere;3;
merely;1;
merit;2;
merriment;1;
merry;2;
met;3;
method;2;
methods;1;
metropolis;1;
michael;2;
middle;1;
middle-aged;1;
middlesex;1;
midnight;2;
might;11;
mignard;1;
miles;6;
military;2;
milton;1;
mind;6;
minds;1;
minstrels;2;
minutes;2;
mired;1;
mirror;12;
miserable;1;
misfortune;1;
miss;1;
missals;1;
missed;1;
mission;4;
mississippi;1;
mistress;4;
mixture;1;
mlb;1;
moaning;1;
moat;1;
mob;1;
mock;2;
mode;2;
modern;2;
modes;1;
modesty;1;
modification;1;
modified;1;
moisten;1;
moisture;1;
moment;3;
momentary;1;
moments;1;
monday;3;
money;7;
montesquieu;1;
month;4;
months;2;
monument;1;
monuments;1;
mood;1;
moore;2;
moral;1;
moralist;2;
morals;1;
more;23;
morning;10;
mortal;1;
mortals;1;
morvems;1;
moses;1;
most;24;
mostly;1;
mother;8;
mothers;1;
motion;1;
motionless;1;
mount;2;
mountain-heads;1;
mounted;2;
mournfully;1;
mourning;2;
mourns;1;
mouth--my;1;
move;1;
mr;2;
mrs;1;
much;9;
mud;1;
murmuring;1;
muse;1;
music;1;
must;18;
my;45;
mysteries;2;
mysterious;1;
mystic;1;
mystical;1;
name;8;
named;1;
names--till;1;
namesake;1;
naming;1;
napoleon;3;
nappy;1;
narrative;1;
narrow;3;
narrows;1;
nation;2;
nations;3;
native;1;
natural;1;
nature;5;
nb;1;
near;13;
nearly;6;
neath;1;
necessarily;1;
necessary;5;
necessity;3;
need;2;
needless;1;
nefando;1;
neglect;1;
neglected;1;
negligence;1;
negligent;1;
neighbourhood;2;
neighbours;1;
neighed;1;
neither;2;
net-work;1;
network;1;
never;15;
nevertheless;2;
new;9;
newby;1;
news;1;
newsletter;1;
newspaper;1;
newtons;1;
next;3;
night;9;
night-fall;1;
nights;1;
nine;3;
nipped;1;
no;42;
noble;1;
nobleman;1;
nobles;1;
noblest;1;
noctes;1;
non;1;
nones;6;
nonproprietary;1;
noon;1;
nor;7;
north;1;
northumberland;1;
not;76;
note;2;
notes;1;
notice;6;
notices;1;
notifies;1;
notion;1;
notions;2;
notorious;1;
notoriously;1;
notwithstanding;2;
novel--anne;1;
novelist;1;
novels;1;
november;4;
now;12;
number;8;
numbers;4;
numerous;1;
nursing-mother;1;
o;6;
oak;1;
oath;1;
obey;1;
object;2;
obliged;2;
observation;1;
observations;1;
observe;1;
observed;11;
observers;1;
observes;1;
obsolete;1;
obstructions;1;
obtain;3;
obtaining;2;
occasion;2;
occasionally;3;
occasions;2;
occupied;1;
occupies;1;
occur;1;
occurred;1;
octagonal;1;
october;2;
odds;1;
oer;1;
of;742;
off;5;
offence;1;
offer;2;
offered;3;
offers;1;
office;2;
official;3;
often;8;
oh;1;
old;21;
old-fashioned;1;
older;1;
oliver;1;
omit;1;
on;116;
once;4;
one;43;
one--the;1;
one-horse;3;
online;6;
only;18;
ony;1;
opal;4;
open;7;
opened;1;
opening;2;
opens;2;
opinion;1;
opinions;1;
opportunities;2;
opportunity;1;
opposite;1;
orcus;1;
order;2;
ordered;2;
orders;2;
ordinances;1;
ordinary;3;
organized;1;
oriel;1;
origin;1;
original;2;
originator;1;
ornament;2;
ornamented;2;
orphans;1;
os;1;
osiris;1;
ossians;1;
ostentation;1;
others;9;
otranto;1;
ought;1;
our;25;
out;17;
out-staid;1;
outdated;1;
outer;1;
outside;3;
outskirts;1;
over;9;
overhead;1;
overstepping;1;
overtaking;1;
overweening;1;
owed;1;
own;9;
owner;5;
owns;2;
oxford;1;
pacific;1;
packet;1;
page;8;
pages;1;
paid;7;
pain;1;
paint;1;
painted;2;
painter;1;
palace;1;
palate;1;
pale;2;
palfrey;1;
panels;2;
papa;4;
papal;1;
paper;3;
paperwork;1;
paradise;1;
paragraph;11;
paragraphs;3;
parcels;1;
parchment;1;
pardoned;1;
parent;1;
parish;1;
park;2;
parlour;1;
parr;25;
parrs;6;
parson;1;
part;14;
partaking;1;
partial;1;
particular;5;
particularly;4;
parties;1;
partly;2;
partner;1;
parts;2;
partu;1;
party;4;
pass;4;
passed;3;
passing;2;
passion;1;
passions;1;
past;2;
patent;1;
path;3;
patronizing;1;
paul;1;
pausanias;1;
pause;1;
paused;1;
paved;1;
pay;4;
paying;4;
payment;1;
payments;3;
peace;1;
pearl;1;
pebble;1;
peculiar;2;
peculiarities;2;
peculiarly;1;
pedestal;6;
penny;2;
pension;3;
pensive;1;
people;9;
perambulate;1;
perceiving;1;
perched;1;
peregrine;1;
perfect;1;
perfecting;1;
perfectly;2;
perform;1;
performance;1;
performances;1;
performed;3;
performing;3;
perhaps;5;
perils;1;
period;6;
periodic;1;
periodical;1;
permanence;1;
permanent;1;
permission;7;
permitted;3;
perpetual;1;
persecutions;1;
persian;9;
person;11;
personal;2;
personally;1;
persons;3;
petite;1;
petition;4;
petitioned;1;
petitions;2;
pg;1;
pglaf;1;
philosophy;1;
phrase;4;
physical;2;
phytalus;1;
pickle;1;
pictures;1;
pills;1;
pilot;2;
pincushion;1;
pine-apple;1;
pink;1;
pinnacle;2;
pious;1;
pittance;1;
pity;1;
place;16;
placed;6;
places;1;
plain;4;
plans;1;
plant;2;
plants;1;
plaster;1;
plate;1;
plausible;1;
play;4;
played;1;
playing;1;
plays;2;
pleasant;1;
please;3;
pleased;1;
pleasing;3;
pleasure;4;
pledge;1;
plenty;1;
plethoric;1;
pliny;1;
plinys;1;
plots;1;
ploy;1;
plundered;1;
plutarch;1;
pockets;1;
poem;2;
point;2;
pointing;1;
points;1;
poland;1;
polite;1;
pomp;2;
poniard;1;
pontiffs;1;
pontificals;1;
pool;1;
poor;5;
pope;1;
popular;1;
porcelain;1;
porch;1;
portending;1;
porter;2;
portugal;2;
possess--these;1;
possessed;1;
possessing;2;
possession;3;
possibility;1;
posted;7;
postpone;1;
postponed;1;
pou-hou;1;
pounds;5;
poverty;1;
power;5;
powers;1;
practically;1;
practice;2;
practising;1;
praise;1;
praises;1;
preach;1;
precarious;1;
precedence;1;
predominant;1;
predominate;1;
predominated;1;
preferred;3;
prelatical;1;
prepare;2;
prepared;2;
presage;1;
prescriptions;1;
presence;5;
present;12;
presented;1;
preservation;1;
preserve;1;
preside;1;
pressure;1;
pretence;1;
pretended;1;
pretexts;1;
prevalent;1;
prevent;3;
prevented;1;
previous;1;
previously;1;
price;1;
pride;2;
prided;1;
priest;1;
priests;1;
prince;2;
princes;1;
princess;2;
principal;5;
principia;1;
print;1;
printed;2;
prior;1;
prisoner;1;
private;2;
probably;2;
problem;1;
proceed;1;
proceeded;1;
proceeding;1;
processing;1;
produce;1;
produced;5;
production;2;
professor;1;
proficient;1;
profit;1;
profits;1;
profusion;1;
progress;1;
prohibition;1;
project;87;
projecting;1;
prominently;2;
promise;2;
promised;1;
promoting;2;
promotion;2;
promulgated;1;
pronounced;1;
proofread;1;
proofreading;2;
proper;2;
property;4;
propitious;1;
proportions;1;
proprietary;1;
proprietor;2;
proprietors;1;
props;1;
prostrated;1;
prostrating;1;
protect;3;
protection;2;
protestant;1;
protus;1;
proud;2;
proved;1;
provide;7;
provided;7;
providence;1;
providing;4;
provision;1;
provisions;1;
proxy;1;
prudent;3;
public;12;
public-house;1;
published;1;
puerile;1;
pulled;1;
pulse;1;
punisher;1;
punishment;1;
punitive;1;
pupil;2;
purchased;1;
pure;1;
purpose;7;
purposes;1;
pursued;1;
pursuits;2;
put;3;
putting;3;
quaker;1;
qualities;1;
quarrel;2;
queen;9;
quest;1;
questioner;1;
quick;2;
quicker;1;
quickly;1;
quiet;1;
quintam;1;
quite;1;
quitted;1;
quota;1;
quoting;1;
r;1;
race;1;
rack;1;
rafters;1;
rage;1;
raised;2;
rambler;1;
ran;2;
random;1;
range;1;
rank;1;
ranks;1;
rapidity;1;
rarely;1;
rash;1;
rasselas;1;
rather;6;
ray;1;
rays;2;
re-use;2;
reach;2;
reached;1;
reaching;1;
read;4;
readable;2;
readers;2;
reading;1;
ready;1;
real;1;
reality;1;
really;1;
rear;1;
reason;2;
reasonable;1;
rebellion;1;
rebels;1;
rebuilt;1;
receipt;2;
receive;4;
received;11;
receiving;4;
recently;1;
recess;1;
recitation;1;
recitative;1;
reckoned;2;
recollect;1;
reconcile;1;
recorder;1;
recovery;1;
recurrence;1;
red;3;
reddened;1;
redemption;1;
redistribute;1;
redistributing;2;
redistribution;2;
reduced;1;
refectory;1;
refer;1;
references;2;
referred;2;
refinement;1;
reflect;1;
reflected;1;
reflection;1;
reformation;1;
refreshment;1;
refuge;3;
refund;10;
refuse;2;
refusing;1;
regained;1;
regarded;1;
regarding;1;
registered;2;
regret;1;
regular;2;
regulating;1;
reign;3;
relation;1;
release;3;
relic;1;
relics;1;
relief;1;
relieve;1;
religion;2;
religious;1;
relish;1;
remain;2;
remained;6;
remaining;1;
remains;2;
remark;1;
remarkable;4;
remarkably;1;
remarked;2;
remarks;1;
remedies;1;
remember;3;
remittances;1;
remonstrances;2;
remotely;1;
remount;1;
removal;1;
remove;2;
removed;7;
removing;1;
renamed;2;
render;2;
rendered;1;
repairs;1;
replace;2;
replaced;1;
replacement;5;
replacing;1;
replied;3;
report;2;
reported;3;
reports;4;
representations;1;
representing;1;
republic;1;
request;1;
requested;1;
require;2;
required;3;
requirements;4;
requirest;1;
requiring;1;
rescindere;1;
research;2;
resentment;1;
reserve;1;
reside;1;
resided;1;
residence;5;
residing;1;
resistless;1;
resolution;1;
resolved;1;
resort;1;
resorted;1;
resources;3;
respectability;1;
respectable;1;
respected;1;
respectful;1;
respecting;1;
respiration;1;
rest;2;
rested;1;
resting;1;
restored;1;
restrictions;2;
results;1;
retained;2;
retainers;1;
retire;1;
retreat;1;
return;7;
returning;1;
returns;1;
revellers;1;
revenue;1;
review;1;
rewarded;1;
rewards;1;
rhine;1;
riband;1;
ribands;1;
rich;1;
richer;1;
ride;5;
ridicule;1;
ridiculous;2;
riding;1;
right;5;
right-hand;1;
rigid;1;
ring;1;
ringing;1;
ripened;1;
rising;3;
rites;3;
ritual;1;
rival;1;
river;3;
road;2;
roar;1;
robe;1;
rod;1;
roderick;1;
roll;1;
rolls;1;
roman;4;
romance;3;
romans;4;
rome;1;
romford;1;
roof;2;
room;1;
rose;1;
rose-bud;1;
rosy;1;
rough;1;
round;3;
row;1;
rows;2;
royal;2;
royalties;2;
royalty;3;
ruby;1;
rudolf;1;
ruffians;1;
ruins;1;
rule;1;
rules;2;
running;1;
rush;1;
rusty;1;
s;3;
s/he;1;
sacred;4;
sacrifices;2;
sad;1;
saddle;1;
saevumque;1;
safe;2;
safely;1;
sage;3;
said;27;
sail;1;
saints;1;
saith;1;
salary;1;
salt;1;
sam;1;
same;18;
samuel;3;
sanction;1;
sanders;1;
sash;1;
satae;1;
satisfied;2;
saturday;5;
saturnalia;1;
savage;5;
save;4;
saved;1;
saving;1;
saw;5;
sawston;9;
say;6;
saying;2;
says;9;
scarce;2;
scarcely;2;
scattered;1;
scattering;1;
scenery;1;
scenes;1;
scheme;1;
scholar;1;
scholars;2;
school;6;
school-fellow;1;
school-fellows;2;
science;3;
scooped;1;
scorbutic;1;
scotch;1;
scotlands;1;
scotts;1;
screeching;1;
screened;1;
scribe;1;
sculptured;1;
sea;1;
sea-snakes;1;
sealed;1;
search;5;
seated;2;
second;3;
second-hand;1;
secret;3;
secretly;2;
section;7;
sections;1;
secure;2;
secured;1;
securely;1;
see;9;
seeds;1;
seeing;1;
seek;2;
seem;1;
seemed;14;
seems;1;
seen;6;
sees;1;
seized;1;
seldom;2;
self;1;
sell;1;
seller;1;
selling;1;
senate;2;
send;2;
sending;3;
sense;2;
sensibility;1;
sensible;2;
sent;4;
sentence;2;
separate;3;
september;3;
sermon;1;
servant;1;
serve;1;
serves;1;
service;4;
services;1;
set;12;
settled;1;
settling;1;
seven;5;
seventeen;1;
seventeenth;1;
seventy;1;
several;6;
severe;1;
sextus;1;
sexual;1;
sh;1;
shake;1;
shaken;1;
shakspeare;1;
shakspeares;1;
shall;12;
shallow;1;
shallows;1;
shalt;1;
shaphan;1;
share;3;
shared;1;
sharing;1;
sheds;1;
shelter;1;
shepherd;1;
shepperton;1;
shield;2;
shilling;1;
shillings;2;
shirts;1;
shock;1;
shook;1;
shop;7;
shopmen;1;
shops;1;
shore;2;
short;4;
shot;3;
should;14;
shoulder;3;
shouted;1;
show;1;
shown;1;
shrine;1;
shut;3;
siberia;1;
sibylla;1;
sicilian;1;
sick;2;
siddle;2;
side;9;
siege;1;
sigh;1;
sighed;1;
sight;2;
sign;2;
signal;2;
signs;2;
silent;2;
silk;2;
silken;1;
silly;1;
silver;3;
similar;1;
simple;1;
simplicity;1;
since;2;
sing;1;
single;1;
singular;5;
singularity;1;
sir;8;
sire;2;
sister;2;
sit;1;
site;4;
sitting;1;
situate;1;
situated;4;
situation;4;
six;2;
sixth;1;
size;2;
sketch-book;1;
sketched;1;
skill;2;
skilled;1;
sky;1;
slave;1;
sleep;1;
sleeping-rooms;1;
slight;2;
slightest;1;
slightly;1;
sma;1;
small;7;
small-pox;1;
smallest;1;
smelt;1;
smile;1;
smiling;1;
smothered;1;
snapper;1;
snatching;1;
so;41;
society;2;
sole;1;
solemn;1;
solemnity;1;
solicit;2;
solicitation;1;
solitary;1;
solomon;1;
some;25;
sometimes;3;
somewhat;1;
somewhere;1;
son;8;
song;1;
sons;2;
soon;7;
sooner;1;
sorcerer;1;
sorrow;2;
sorry;1;
sorts;2;
soul;1;
sound;2;
sources;1;
south;1;
southern;1;
sovereign;1;
space;2;
spacious;1;
spark;3;
sparkled;1;
sparkling;1;
sparks;1;
speak;3;
speakers;1;
speaking;2;
special;1;
specific;1;
specified;2;
spectator;2;
speedily;1;
spells;1;
spent;3;
spigot;1;
spiral;1;
spirit;4;
spirits;2;
spiritual;1;
spite;4;
splendid;2;
splendour;1;
spoke;5;
sportive;1;
sports;2;
spot;1;
spouse;1;
spray;1;
spread;1;
spring;2;
spun;1;
squander;1;
square;3;
squares;2;
st;2;
stable;3;
stables;1;
staff;1;
staffas;1;
stained;1;
staines;1;
staircase;5;
stairs;1;
stalking;1;
stall;4;
stall-master;1;
stalls;1;
stamped;1;
stand;1;
standing;2;
stands;2;
stanmore;4;
star;1;
start;4;
state;7;
stately;1;
statements;1;
states;15;
stature;1;
status;4;
stay;1;
steady;2;
steed;2;
steeds;2;
steele;1;
steinfeldt;4;
steinfeldts;1;
stench;1;
step;1;
stepped;3;
sternly;1;
still;5;
stock;1;
stone;1;
stones;1;
stood;7;
stool;1;
stopped;1;
stored;1;
story;6;
strange;4;
strangely;1;
stranger;9;
strangers;1;
stream;1;
streaming;1;
street;2;
streets;3;
strength;1;
strict;2;
stride;1;
striking;1;
striped;1;
strong;1;
stronger;2;
struggling;2;
stuck;1;
stud;1;
studies;6;
studious;1;
stuff;1;
stukely;1;
stumbled;1;
style;1;
subdirectory;1;
subject;1;
subjects;1;
subscribe;1;
substantial;1;
substituted;1;
succeeded;2;
success;1;
successes;1;
such;23;
sudden;1;
suddenly;2;
suffered;2;
suffering;2;
suite;1;
sum;1;
summer;3;
summoned;3;
sumner;2;
sums;1;
sun;4;
sunday;1;
sung;1;
sunk;1;
sunset;1;
sunshine;1;
superannuated;1;
superb;1;
superiority;1;
supernatural;1;
superstition;1;
superstitious;2;
suppers;1;
suppliant;1;
supplied;2;
supply;1;
support;6;
supported;2;
supposed;5;
supposes;1;
supreme;1;
surgeon;1;
surmise;1;
surmounted;1;
surplice;1;
surprise;1;
surprised;2;
surrounded;1;
survive;1;
suspected;1;
suspicions;1;
swamp;1;
swear;1;
swiss;1;
sword;8;
syllable;1;
symmetry;1;
sympathized;1;
symposia;1;
synonymous;1;
system;2;
table;8;
tak;1;
take;3;
taken;5;
takes;1;
taking;2;
tale;2;
talisman;1;
talk;1;
tall;3;
tapestry;3;
task;1;
taste;4;
tastefully;1;
tattered;1;
taught;2;
tax;6;
taxes;1;
teacher;1;
team;2;
tear;1;
tear-worn;1;
tears;2;
tell;3;
tells;2;
temper;1;
temperate;1;
tempered;1;
tempest;1;
temple;2;
temples;1;
temporary;2;
ten;1;
tenderly;1;
tending;1;
tendril;1;
termed;1;
terminated;1;
termination;1;
terms;21;
terra;1;
terrace;1;
terrestrial;1;
terrible;1;
terrified;1;
terror;2;
testifying;1;
thames;2;
than;20;
thats;1;
thee;5;
their;28;
then;17;
theology;1;
there;37;
therefore;2;
thereof;1;
therewith;1;
thief;2;
thing;2;
things;5;
think;2;
thinks;1;
third;2;
thirst;1;
thirsty;1;
thirty;1;
thirty-three;1;
thither;2;
thomas;1;
thou;10;
though;8;
thought;6;
thought--that;1;
thoughts;2;
thousand;1;
thousands;1;
three;7;
threshold;2;
threw;2;
throne;1;
thronged;1;
through;11;
throughout;1;
throw;1;
thrown;4;
thursday;1;
thus;7;
thy;7;
tide;2;
tied;1;
tiling;1;
till;13;
till--made;1;
tilting;1;
timber;2;
time;21;
times;4;
timoleon;1;
tinge;2;
tippence;1;
tired;1;
tis;2;
title;1;
titus;1;
toddy;1;
together;7;
together--they;1;
toiled;1;
toilet;1;
toilette;1;
tokay;1;
told;9;
tomb;2;
tongue;2;
too;9;
took;14;
top;1;
topographer;1;
torch;2;
torches;2;
total;1;
totally;1;
touch;1;
touched;1;
touching;2;
toun;1;
tower;1;
towering;1;
towers;2;
town;13;
traces;1;
trade;2;
trade--unsettled;1;
trademark;10;
trademark/copyright;1;
tradesman;1;
tradition;2;
tranquil;1;
transacted;1;
transcribe;1;
transcribed;1;
transcription;1;
transmitted;1;
transparent;1;
transported;1;
trap-door;1;
traveller;1;
travelling;1;
treads;1;
treasure;1;
treated;1;
treatment;1;
tree;2;
treillage;1;
trencher;1;
trepidation;1;
tresses;1;
trials;1;
tribe;1;
tribes;1;
tribunes;1;
tribute;2;
tried;2;
trifles;1;
trifling;1;
trimmed;1;
triumphal;1;
trivial;1;
troopers;1;
tropical;1;
troublous;1;
trousers;1;
true;5;
truly;2;
truncated;1;
trusted;1;
truth;3;
truths;1;
try;1;
tuesday;1;
tuileries;1;
tum;1;
tumult;1;
tuneful;1;
turban;1;
turn;1;
turned;3;
turning;1;
tutor;4;
twa;1;
twelve;1;
twenty;1;
twenty-fifth;1;
twenty-nine;1;
twenty-three;1;
twilight;1;
twining;1;
twinkling;1;
two;8;
types;1;
typhaea;1;
typhon;1;
udolpho;1;
unable;1;
unavailing;1;
unco;1;
uncommon;1;
unconsidered;1;
under;20;
under-master;1;
underrated;1;
understand;2;
understanding;1;
undertakings;1;
undertook;2;
unenforceability;1;
unfortunate;7;
ungenteel;1;
unhappy;2;
uniform;1;
uninstructive;1;
unintelligible;1;
united;13;
universal;1;
universally;1;
university;1;
unknown;2;
unlawful;1;
unless;7;
unlettered;1;
unlink;1;
unlucky;3;
unopened;1;
unrivalled;1;
unsafe;1;
unsolicited;1;
unsuccessful;1;
until;2;
unto;1;
unusual;2;
unusually;2;
unwarranted;1;
up;25;
upbraid;1;
updated;1;
upon;24;
upper;1;
uppermost;1;
upset;1;
us-ascii;1;
use;13;
used;7;
usefully;1;
user;3;
using;5;
usual;6;
usually;1;
ut;1;
uthanaeus;1;
utilize;1;
utmost;1;
utterance;1;
uttering;1;
utterly;1;
v;2;
vain;4;
valuable;3;
value;1;
valued;2;
vanilla;3;
vanished;1;
vanity;1;
variety;1;
various;7;
varnished;1;
vary;1;
vast;2;
vasts;1;
vasty;1;
vaunting;1;
veiled;1;
venerable--for;1;
veritable;1;
versatility;1;
version;1;
versions;1;
very;27;
vicar;2;
vicinity;2;
vicissitudes;1;
victoria;1;
victories;1;
view;1;
viewed;1;
viewing;1;
vigilant;1;
vigils;1;
vii;1;
villa;2;
village;4;
vindicated;1;
violates;1;
violent;1;
violently;1;
virgil;1;
virginia;1;
virtue;2;
virtues;1;
virus;1;
visible;1;
visit;7;
visited;1;
visiter;1;
visiting;1;
vitellius;1;
vivacity;1;
voice;3;
void;1;
vol;1;
volume;2;
volunteer;1;
volunteers;6;
von;1;
vulgar;2;
w;3;
wail;1;
waited;2;
waiting;1;
wakefield;1;
waldstetten;4;
waldstettin;1;
walk;1;
walked;1;
walking;2;
walks;1;
wall;3;
walls;3;
walnut;1;
walter;1;
wand;1;
want;5;
wanted;1;
wants;3;
war;2;
warder;1;
warrand;1;
warranties;3;
warranty;2;
was;225;
watch;2;
water;7;
water-jug;1;
waters;2;
wauk;1;
wave;2;
waved;1;
way;7;
ways;1;
weak;1;
weaker;1;
weakness;1;
wealth;1;
weapons;1;
wearers;1;
web;6;
wedded;1;
wednesday;1;
wee;2;
weeds--;1;
week;4;
weeks;2;
welcome;3;
well;20;
well--i;1;
well-favoured;1;
well-known;1;
well-poised;1;
went;4;
wept;1;
were;57;
west;2;
westminster;1;
wha;1;
whatsoever;2;
whaur;1;
wheels;1;
whence;1;
whenever;2;
whereas;1;
wherein;1;
whether;5;
whig;1;
while;9;
whilst;6;
whims;1;
whirlwind;2;
whisper;1;
whisper--o;1;
whispers;1;
white;6;
white-washed;1;
whitsunday;1;
whole;9;
wholesale;1;
whuske;1;
wide;3;
widely;1;
widest;2;
widow;2;
widows;1;
wife;2;
wifes;1;
wig;1;
wild;4;
wildness;1;
will;21;
willie;1;
willing;1;
willingly;1;
wind;1;
window;4;
windows;2;
winds;1;
wine;4;
wines;1;
wing;1;
winter;1;
wisdom;4;
wise;1;
wiser;2;
wish;1;
wit;2;
witching;1;
with;164;
withdrew;1;
withered;2;
within;14;
without;16;
withstood;1;
witness;1;
witnessed;1;
wizard;1;
woe;1;
wolverhampton;1;
woman;4;
womb;2;
women;2;
won;1;
wondered;2;
wood;2;
wool;1;
worcester;1;
word;2;
words;4;
wore;2;
work;48;
works;32;
world;3;
worldly;1;
worn;1;
worse;1;
worship;2;
would;29;
wreck;2;
wretched;1;
writer;1;
writing;5;
writings;1;
written;4;
wrote;3;
wwwgutenbergorg;3;
wynd;1;
xiii;3;
ye;1;
ye--an;1;
year;11;
years;16;
yet;7;
yill;1;
yorkshire;1;
young;19;
your;26;
zeluco;1;
zipped;1;
ziriksee;1;
zoroaster;1;
