;8;
-;7;
/etext;1;
10001txt;1;
10001zip;1;
1a;1;
1b;1;
1c;2;
1d;1;
1e;2;
1e1;5;
1e2;1;
1e3;1;
1e4;1;
1e5;1;
1e6;1;
1e7;3;
1e8;4;
1e9;3;
1f;1;
1f1;1;
1f2;1;
1f3;4;
1f4;1;
1f5;1;
1f6;1;
501c3;2;
596-1887;1;
64-6221541;1;
a-flying;1;
a-trying;1;
aback;1;
abide;1;
abilities;1;
able;1;
about;11;
above;1;
accept;1;
accepted;3;
accepting;1;
access;10;
accessed;1;
accessible;1;
accordance;2;
according;1;
acknowledge;1;
across;2;
active;2;
actual;1;
added;1;
addition;1;
additional;4;
additions;1;
address;1;
addresses;2;
adorned;2;
aeacus;6;
aen;1;
afternoon;1;
again;6;
against;8;
agatho;1;
age;3;
agent;1;
ago;1;
agree;10;
agreed;2;
agreement;18;
air;2;
ais;1;
ak;1;
akin;1;
alexandria;1;
alive;1;
all;56;
allotted;1;
allow;1;
allowed;2;
alluding;2;
allusion;1;
almost;2;
alone;4;
along;4;
already;1;
also;5;
alteration;1;
alternate;1;
alternative;1;
although;2;
always;4;
am;3;
amendment;1;
among;2;
amongst;2;
amphaeus;1;
anapaests;1;
ancient;1;
annaei;1;
answer;2;
answered;2;
anywhere;3;
ap;1;
apart;1;
apocolocyntosis;7;
apokolokuntosis;2;
apollo;1;
apotheosis;2;
apparently;1;
appear;1;
appearing;1;
appears;1;
appian;1;
appius;1;
applicable;3;
apply;2;
appointed;2;
approach;1;
appurtenances;1;
april;1;
arar;1;
archive;13;
argive;1;
arise;3;
arose;1;
around;1;
array;1;
arrived;1;
arrow;1;
art;1;
as-is;1;
ascii;4;
ascribed;1;
ashamed;1;
aside;1;
asinius;1;
ask;3;
asked;5;
assario;1;
assassination;1;
assistance;1;
associated;8;
astrologers;1;
athens;1;
attached;1;
attitude;1;
augeas;1;
augurinus;2;
august;1;
augusta;1;
augustus;4;
augustuss;1;
auspicious;1;
author;1;
authority;2;
autumn;1;
available;2;
avenge;1;
aver;1;
away--you;1;
awful;1;
axe;1;
baba;2;
bacchus;1;
back;2;
ball;1;
balls;1;
band;1;
banishment;1;
banks;1;
barbarians;1;
barristers;1;
bars;1;
based;5;
basket;1;
bath;1;
bear;2;
beast;1;
became;1;
because;4;
become;1;
been;12;
began;4;
begin;1;
beginning;1;
begins;2;
beheld;2;
behind;1;
behold;1;
being;5;
beldame;1;
believe;2;
believed;1;
belongs;1;
below;4;
ben;2;
bestows;1;
better;3;
between;1;
betwixt;1;
beyond;1;
bibliography;1;
bid;1;
bids;1;
big;1;
bill;1;
binary;1;
birch;1;
birth;1;
bit;1;
bitch;1;
black;1;
blessed;7;
blow;1;
blown;1;
blue-shielded;1;
bodies;1;
body;2;
bogies;1;
boiled;1;
bold;1;
bolts;1;
bonnensium;1;
books;1;
boon;2;
boot;1;
born;6;
borne;1;
borrow;1;
both;5;
bottom;2;
boulder;1;
bound;4;
bourne;1;
bow;1;
box;3;
brass;1;
bravest;2;
breach;2;
break;1;
breath;2;
breathe;1;
bred;1;
breezes;1;
brief;1;
brigantians;1;
bright;3;
bring;1;
brings;4;
britain;1;
britons;2;
brothers;2;
brows;1;
bubbled;1;
buecheler;2;
buildings;1;
burial;1;
business;2;
business@pglaforg;1;
busy;1;
caesar;2;
caesaris;1;
calculate;1;
calculated;1;
caligula;6;
call;3;
called;3;
calmed;1;
came;8;
campus;1;
can;16;
candidates;1;
caned;1;
cannot;8;
caps;1;
car;1;
card;2;
carry;2;
case;4;
cases;1;
cass;1;
cassius;1;
cast;2;
catonius;1;
cattle;1;
catullus;1;
cause;4;
cease;1;
ceaselessly;1;
celer;1;
cerberus;1;
certain;3;
certainly;2;
ch;1;
chained;1;
chance;1;
change;4;
changes;2;
chanting;2;
character;2;
charge;7;
charges;1;
chariot;1;
charitable;1;
charities;1;
charity;1;
charmed;1;
charming;1;
charms;1;
check;2;
checks;1;
chief;1;
choose;2;
chop;1;
chopped;1;
chum;1;
ciconian;1;
cities;1;
citizens;1;
citizenship;1;
city;2;
claim;2;
claims;2;
class;1;
claudian;1;
claudii;4;
claudius;33;
clear;3;
clearly;1;
cloaca;1;
clocks;1;
close;1;
closer;1;
closet;1;
clotho;1;
club;2;
clumsy;1;
clusters;1;
cock;1;
codes;1;
cold;2;
collection;4;
colour;1;
columbia;1;
come;8;
comedians;1;
comes;4;
coming;3;
command;1;
commercial;1;
committed;2;
common;1;
companions;1;
company;2;
compel;1;
compliance;5;
comply;6;
complying;3;
composed;1;
compressed;2;
conceal;1;
concept;2;
concerning;2;
concourse;1;
condemned;1;
confirmation;1;
confirmed;1;
confused;1;
conjecture;1;
consequential;1;
considerable;2;
constant;1;
consul;3;
consular;1;
consuls;1;
contact;4;
contain;3;
containing;1;
content;1;
continue;1;
contract;1;
contributions;2;
convert;1;
copied;2;
copies;7;
copy;12;
copying;4;
cornelia;1;
corner;1;
corners;1;
corporation;1;
corrected;1;
corresponding;1;
corrupt;1;
corvinus;2;
cost;3;
costs;2;
cotta;1;
could;13;
counsel;2;
countenance;1;
countries;1;
country;3;
course;3;
court;3;
courteously;1;
courtney;2;
crassus;4;
craving;1;
crawling;1;
created;2;
creating;4;
creation;1;
creature;2;
credit;1;
crete;1;
crew;1;
cried;2;
cries;1;
critical;2;
crooked;1;
crowding;1;
crowned;1;
cruel;2;
cry;2;
cubes;1;
current;1;
curse;1;
custodian;1;
custom;2;
cut;1;
cynthia;1;
d;1;
daintily;1;
damage;2;
damaged;1;
damages;4;
dare;1;
dark;4;
data;1;
date;6;
daughter;2;
daughters;2;
dawn;1;
day;13;
days;7;
daystar;1;
de;2;
dead;4;
deal;1;
dear;2;
death;2;
debate;2;
decapitate;1;
decide;1;
decided;1;
declare;3;
decreed;1;
deductible;1;
deep;1;
defeat;1;
defect;3;
defective;3;
defects;1;
defence;1;
degree;1;
degrees;1;
delay;1;
deletions;1;
delighted;1;
delightful;1;
delivered;2;
delivers;1;
demand;1;
deny;1;
depends;1;
deported;1;
derivative;3;
derive;1;
derived;1;
describe;1;
described;1;
despite;1;
destroy;2;
destroyed;1;
detach;1;
determine;1;
determined;1;
devise;1;
devised;1;
devouring;1;
dice;4;
dick;1;
did;14;
die;1;
died;1;
diespiter;1;
different;2;
digit;1;
digits;1;
din;1;
dion;2;
direct;1;
directly;2;
director;1;
directories;1;
directory;1;
dirge;1;
disasters;1;
disclaim;1;
disclaimer;3;
disclaimers;1;
discontinue;1;
discover;1;
discovered;1;
discussing;1;
discussion;1;
disk;1;
dismiss;1;
display;1;
displayed;1;
displaying;4;
diss;1;
distance;1;
distribute;6;
distributed;6;
distributing;7;
distribution;6;
distributor;1;
disturb;1;
divi;1;
divided;1;
do;29;
does;2;
dog;1;
domain;8;
donate;3;
donation;1;
donations;15;
done;7;
donors;1;
dont;3;
door;1;
dot;1;
doth;4;
double;1;
doubt;1;
down;11;
download;2;
downloading;1;
downwards;1;
dozen;1;
dr;2;
drag;1;
dragged;1;
drained;1;
drawn;1;
drew;1;
drives;1;
drops;1;
drove;1;
drusilla;2;
dumb;2;
dunce;1;
dunghill;1;
during;1;
dying;1;
e-mail;1;
ear;1;
earth;5;
easiest;1;
easily;2;
easy;2;
eat;1;
ebooks;14;
editio;1;
edition;1;
editions;5;
educational;1;
effect;1;
effort;2;
efforts;3;
eggs;1;
ein;1;
either;3;
elect;4;
electronic;27;
electronically;2;
eloquence;1;
eloquent;2;
else;1;
em;2;
email;3;
emperor;2;
empire;1;
employee;1;
employees;2;
empty;1;
encoding;1;
end;6;
endure;1;
endured;1;
english;2;
enjoy;1;
enough;4;
ensuring;1;
entity;3;
ep;1;
epicurean;1;
equal;1;
equipment;3;
equivalent;1;
ere;1;
errors;1;
especially;1;
espies;1;
esse;1;
etext;5;
even;7;
ever;7;
every;5;
everybody;2;
everything;1;
everywhere;1;
ex-praetor;1;
example;1;
except;3;
exclaimed;1;
exclusion;1;
execution;1;
executive;1;
exempt;2;
exists;1;
expected;1;
expend;1;
expense;2;
expenses;2;
explaining;1;
explanation;2;
exporting;1;
express;1;
expressed;1;
extent;1;
extortions;1;
extraordinary;1;
eye;1;
eyes;1;
f3;1;
fabius;1;
face;3;
facility;1;
fact;2;
fail;1;
fails;1;
fair;1;
fairbanks;1;
fairy-land;1;
fall;2;
fallen;2;
family;2;
far;5;
farce;1;
farmyard;1;
fasc;1;
fast;1;
fates;2;
father;1;
father-in-law;3;
fathers;1;
favour;2;
favourable;1;
fear;3;
feast;1;
federal;2;
fee;8;
fees;4;
feet;1;
fell;2;
fellow;1;
fellow-burgess;1;
fellows;1;
fever;1;
few;7;
fewer;1;
fiat;1;
file;5;
filed;2;
filename;5;
filenames;1;
files;2;
fill;1;
filth;1;
financial;1;
find;5;
finds;3;
fine;1;
fingers;2;
finished;1;
fire;1;
firm;1;
first;6;
fisticuffed;1;
fit;1;
fitness;1;
fivescore;1;
fix;1;
flared;1;
fled;1;
fleeces;1;
flew;1;
flogged;2;
flow;1;
flutes;1;
fly;1;
follow;1;
following;5;
fool;6;
foot;2;
footnote;17;
for;86;
forced;1;
foreigners;1;
forgets;1;
forgetting;1;
form;5;
format;4;
formats;3;
formula;1;
forth;11;
forum;1;
forward;1;
found;9;
foundation;23;
foundations;3;
four;1;
franz;1;
free;7;
freedman;2;
freedmen;2;
freely;4;
friends;3;
frighten;1;
from;35;
front;1;
frugi;1;
fruitless;1;
fruits;1;
full;16;
funeral;2;
further;2;
future;3;
gait;1;
gallia;1;
gallic;2;
garlands;1;
garvin;2;
gates;1;
gathered;1;
gaul;2;
gauls;1;
gave;3;
gaze;1;
gbnewby@pglaforg;1;
general;4;
generations;2;
gentlemen;2;
gentry;1;
georg;1;
get;2;
gets;1;
ghost;1;
girl;1;
give;8;
given;5;
glad;1;
gladiators;1;
glimpse;1;
globular;1;
gloss;1;
go;8;
goals;1;
god;13;
goddess;1;
godhead;1;
gods;9;
goes;2;
going;2;
golden;2;
gone;3;
good;5;
goodly;1;
gorgeous;1;
got;5;
gout;1;
govern;1;
grace;1;
graceful;1;
grandmother;1;
grandson;1;
granted;2;
gratefully;1;
grave;1;
great;8;
great-granddaughters;1;
great-uncle;1;
greater;1;
greek;8;
greeks;1;
gregory;1;
grew;1;
grey;1;
grief;2;
grim;1;
gross;1;
group;1;
grow;1;
growl;1;
grudge;1;
gutenberg-tm;56;
gutenberg-tms;1;
had;32;
hair;2;
haled;1;
half;2;
half-way;1;
hand;3;
handed;1;
handful;1;
handled;1;
hands;2;
handsome;1;
happened;2;
happens;1;
happiness;2;
happy;2;
harangue;1;
hard;1;
hardly;1;
harmless;1;
harp;1;
harpocras;1;
harry;1;
hart;2;
has;12;
hath;1;
haughty;1;
have;40;
head;9;
heads;2;
health;1;
hear;8;
heard;1;
hearing;2;
hears;1;
heart;1;
heaven;7;
heavenwards;1;
height;1;
held;1;
hell;1;
help;4;
helps;2;
helvius;1;
hence;1;
herald;1;
hercules;10;
here;6;
herondas;1;
hesper;1;
hesperian;1;
high;2;
hill;1;
hire;1;
historian;1;
historical;1;
hoarse;1;
hold;2;
holder;4;
holding;1;
home;2;
homeric;2;
honour;3;
honourably;1;
honours;1;
hope;6;
horace;1;
horns;1;
hound;1;
hour;4;
hours;2;
house;3;
how;11;
however;1;
html;1;
http//wwwibiblioorg/gutenberg/etext06;1;
https//gutenbergorg/license;1;
https//pglaforg;2;
https//pglaforg/donate;1;
https//pglaforg/fundraising;1;
https//wwwgutenbergorg;1;
https//wwwgutenbergorg/1/0/0/0/10001/;1;
https//wwwgutenbergorg/1/0/2/3/10234;1;
https//wwwgutenbergorg/2/4/6/8/24689;1;
https//wwwgutenbergorg/gutindexall;1;
https//wwwpglaforg;1;
hundred-headed;1;
hundreds;1;
hunting;1;
hurt;1;
hypertext;1;
identical;1;
identification;1;
identify;1;
ii;3;
iii;3;
il;1;
ilion;1;
ill;4;
illiad;1;
illumines;1;
immediate;3;
immense;1;
imperial;1;
implied;2;
important;1;
imposed;1;
impossible;2;
impression;1;
in;128;
inaccurate;1;
inarticulate;1;
inasmuch;2;
incest;1;
incidental;1;
include;1;
included;3;
includes;1;
including;10;
incomplete;1;
increasing;1;
indeed;3;
indemnify;1;
indemnity;1;
indicate;1;
indicated;1;
indicating;1;
indignation;1;
indirect;1;
indirectly;1;
individual;4;
informant;1;
information;8;
infringement;1;
instead;1;
intellectual;2;
internal;1;
international;1;
interpreted;1;
intestine;1;
into;2;
introduction;2;
invalidity;1;
iron;2;
irs;1;
is;83;
its;9;
iv;1;
ix;2;
ixions;1;
janus;1;
januss;1;
job;1;
join;1;
journey;1;
jove;1;
joves;1;
joy;3;
judge;2;
judgement;1;
judgment;2;
julias;1;
july;1;
julyfootnote;1;
juncus;1;
juno;1;
jupiter;4;
just;6;
justice;2;
justus;1;
keen;1;
keep;5;
keeping;2;
kept;1;
kill;2;
killed;4;
killing;1;
kind;4;
king;3;
kingdom;1;
kings;1;
knee;1;
knew;1;
knights;2;
knock;1;
know;15;
known;2;
knows;3;
l;2;
labour;2;
lachesis;2;
lady;2;
laid;2;
lake;1;
lament;1;
lamenting;1;
laments;1;
land;5;
language;2;
larger;1;
last;13;
latest;1;
laurel;1;
law;4;
law-clerk;1;
lawful;1;
laws;9;
lawyers;1;
lay;3;
laying;1;
learn;1;
least;1;
leave;4;
led;3;
left;3;
leg;1;
legal;2;
legally;1;
length;2;
less;2;
lest;1;
let;8;
letter;1;
leviathans;1;
lex;1;
liability;3;
liable;1;
library;1;
license;15;
licensed;1;
licinus;1;
lick;1;
lie;1;
lies;1;
lieu;2;
life;7;
light;4;
like;9;
likely;1;
limitation;3;
limited;5;
line;2;
lines;1;
lingers;1;
linked;1;
links;3;
listen;2;
listening;1;
litany;1;
literary;15;
litt;1;
little;3;
liv;1;
lived;2;
living;1;
located;4;
locating;1;
locations;2;
locks;1;
log;1;
london;1;
long;6;
longer;4;
look;4;
looked;3;
looking;1;
looks;2;
loose;1;
lords;5;
lordships;1;
lost;2;
lot;2;
loud;2;
lovely;1;
lower;2;
lucii;1;
lucius;3;
ludus;3;
lugudunensis;1;
lupus;1;
lusius;1;
lx;1;
lyons;3;
m;2;
ma;1;
machine;1;
macmillan;1;
made;22;
magnus;2;
main;2;
maintaining;1;
majesty;1;
make;12;
makes;3;
making;1;
malaria;1;
malice;1;
man;14;
manage;1;
managing;1;
mans;1;
many;6;
marched;1;
marcus;1;
marked;2;
market;1;
marriage;1;
martius;1;
mask;1;
masquerading;1;
master;2;
matter;4;
matters;2;
maximum;1;
may;22;
mcmxx;1;
meal;1;
meaning;1;
means;4;
meant;2;
measures;1;
medium;5;
medley;1;
meet;4;
meeting;1;
melan;1;
melodies;1;
memory;1;
men;9;
menander;1;
mend;1;
menippea;1;
mention;1;
mentioned;1;
merchantibility;1;
mercury;5;
mercy;1;
mere;1;
merry;1;
mess;2;
messala;2;
messalina;4;
messrs;1;
met;1;
metamorphoses;1;
method;2;
methods;1;
meum;1;
mice;2;
michael;2;
midday;2;
middle;1;
middle-aged;1;
midst;1;
might;7;
mighty;2;
milestone;1;
mime;1;
mind;3;
minor;1;
miseries;1;
mission;4;
mississippi;1;
mnester;1;
mock;1;
modification;1;
modified;1;
moment;1;
money;3;
moneylender;1;
monster;1;
monsters;1;
month;2;
mopping;1;
more;10;
mornings;1;
morou;1;
mortal;2;
mortals;1;
morte;3;
most;8;
mother;1;
mother-in-law;1;
mothers-in-law;1;
motion;2;
mountain;1;
mounting;1;
mourn;2;
mouthing;1;
mr;1;
mss;1;
much;9;
muleteer;1;
multitude;1;
mumble;1;
mumbling;1;
murder;1;
murdered;3;
murderer;1;
murdering;1;
must;22;
my;23;
myron;1;
name;5;
named;1;
narcissus;2;
nation;1;
nations;1;
native;1;
natum;1;
nearer;2;
nearly;2;
neatly;1;
necessarily;1;
neck;3;
need;2;
needs;1;
neglect;1;
negligence;1;
neither;1;
nero;2;
nestors;1;
network;1;
never;9;
new;14;
newby;1;
news;2;
newsletter;1;
next;6;
nibble;1;
night;4;
nill;1;
no;38;
noble;1;
noise;1;
non;2;
nonce;1;
nonproprietary;1;
noon;1;
nor;4;
north;1;
not;55;
notary;1;
note;1;
notes;3;
notfootnote;1;
notice;4;
notifies;1;
notorious;1;
nourish;1;
november;3;
now;18;
nowhere;1;
number;7;
numbers;3;
numerous;2;
nuntius;1;
nuper;1;
nurse;1;
o;3;
object;1;
obsolete;1;
obtain;3;
obtaining;2;
obviously;1;
occur;1;
ocean;1;
october;2;
od;2;
odes;1;
of;253;
off;6;
offers;1;
office;2;
official;3;
often;3;
ofttimes;1;
oh;2;
old;7;
older;1;
olympus;1;
on;41;
once;11;
one;29;
one--the;1;
online;4;
only;6;
open;1;
opened;1;
opinion;2;
opportunities;1;
opportunity;1;
opposite;1;
ordered;3;
ordering;1;
organized;1;
original;1;
originator;1;
osiris;1;
others;5;
ought;3;
our;7;
out;20;
outcry;1;
outdated;1;
outside;3;
outsiders;1;
over;7;
ovids;1;
owed;1;
own;11;
owner;5;
owns;2;
p;1;
page;2;
pages;2;
paid;6;
pale;1;
pant;1;
paper;1;
paperwork;1;
paragraph;11;
paragraphs;3;
parents;1;
parody;2;
part;7;
parthians;1;
particular;2;
particularly;1;
party;1;
pass;1;
passage;1;
passed;4;
passes;1;
path;3;
pay;1;
paying;2;
payments;3;
peace;1;
pedo;5;
people;7;
peoples;1;
perforated;1;
perform;1;
performances;1;
performed;1;
performing;3;
performs;1;
perhaps;2;
periodic;1;
permanent;1;
permission;7;
permitted;2;
persecuting;1;
persians;1;
person;6;
persuaded;1;
perturbed;1;
pet;1;
petron;1;
petronius;1;
pettifoggers;3;
pg;3;
pglaf;1;
pharaoh;1;
pheronactus;1;
philologorum;1;
philosophers;1;
phoebus;2;
phrase;4;
physical;2;
pick;1;
piece;3;
pierian;1;
place;5;
plain;5;
play;1;
playing;1;
plead;1;
please;5;
pleased;1;
pleasure;1;
pledge;1;
plies;1;
plucks;1;
pocket;1;
poets;2;
point;2;
pollio;1;
polybius;1;
pompeius;4;
poor;3;
porterage;1;
portrayed;1;
possessed;1;
possession;1;
possibility;1;
posted;7;
pota;1;
pour;1;
practically;1;
praefectus;1;
praise;1;
praises;1;
pray;2;
pre-eminence;1;
prefects;1;
preferred;1;
prepare;2;
present;2;
preserve;1;
press;1;
pretty;2;
prevent;1;
previous;1;
prince;1;
princeps;1;
principal;1;
print;1;
printed;2;
prior;1;
prisoners;1;
private;1;
probably;1;
problem;1;
proceedings;1;
proceeds;1;
process;1;
processing;1;
procurator;1;
produce;2;
produced;5;
produces;1;
production;1;
professor;1;
profit;1;
profits;1;
prohibition;1;
project;87;
projection;1;
prominently;2;
promoting;2;
promotion;1;
proof;1;
proofread;1;
proofreaders;2;
property;2;
propose;3;
proprietary;1;
prose;1;
prosecutes;1;
prosperous;1;
protect;2;
prove;2;
proverb;5;
proverbial;1;
provide;7;
provided;4;
providing;4;
provision;1;
provisions;1;
public;13;
pull;1;
pumpkinification;2;
punishment;2;
punitive;1;
purpose;2;
put;1;
putat;1;
puts;1;
putting;2;
question;1;
questions;1;
qui;1;
quick;1;
quicker;2;
quickly;1;
quiddities;1;
quips;1;
quite;4;
quoth;1;
quoting;1;
race;1;
racehorses;1;
rage;1;
rank;1;
rapid;1;
rather;1;
rattle;2;
rattled;1;
re-use;2;
reaching;1;
read;6;
readable;2;
readiest;1;
reading;2;
ready;2;
really;2;
reason;1;
reasonable;1;
rebellious;1;
receipt;2;
receive;3;
received;5;
receiving;2;
record;1;
redistribute;1;
redistributing;2;
redistribution;2;
reference;1;
references;3;
refund;10;
refuses;1;
regardless;1;
regions;3;
registered;2;
regular;2;
regulating;1;
reins;1;
rejoice;1;
rejoicing;2;
release;3;
relief;1;
relieved;1;
remain;1;
remaining;1;
remand;1;
remedies;1;
remove;1;
removed;2;
renamed;2;
repertus;1;
replace;2;
replaced;1;
replacement;5;
replied;1;
reply;1;
report;2;
reported;1;
reports;1;
representations;1;
reprint;1;
request;1;
requests;1;
require;1;
required;1;
requirements;4;
research;2;
resigned;1;
rest;2;
restrictions;2;
result;1;
return;4;
returns;2;
revenue;1;
rhone;2;
rich;2;
right;6;
rights;1;
ripples;1;
rippling;1;
rise;2;
risen;1;
rising;1;
rivers;1;
road;2;
roads;1;
roaring;1;
roll;3;
rolls;1;
roman;6;
romans;1;
rome;7;
romulus;1;
round;3;
rouse;2;
route;1;
royalties;2;
royalty;3;
ruddy;1;
rufrius;1;
rule;1;
ruler;1;
rules;3;
run;1;
runs;1;
s;2;
s/he;1;
sacked;1;
sacred;1;
sad;1;
said;12;
sake;1;
salt;1;
same;7;
sands;1;
satire;1;
satiric;1;
satisfy;1;
satura;1;
saturn;1;
saturnalia;1;
saturnalian;1;
saturninus;1;
saturns;1;
savages;1;
saw;9;
say;14;
saying;2;
sayings;1;
says;9;
scattered;1;
scatters;1;
scholar;1;
screwed;1;
scribonia;2;
sea;1;
sea-shore;1;
search;2;
searches;1;
searching;1;
seas;1;
seat;2;
second;2;
section;7;
sections;1;
secure;1;
see;16;
seed;1;
seeing;2;
seemed;2;
seems;1;
seen;3;
seizing;1;
sell;1;
senate;2;
senators;1;
send;1;
sending;1;
seneca;8;
senecae;1;
senecas;1;
senseless;1;
sent;3;
sentence;4;
sentiment;1;
sep;1;
separate;1;
serious;1;
served;1;
service;1;
set;11;
several;2;
sewers;1;
sextus;1;
shades;1;
shadow;1;
shafts;1;
shag-haired;1;
shaking;1;
shall;5;
shallow;1;
shame;1;
share;1;
shared;1;
sharing;1;
sharp;1;
shin;1;
shining;2;
shook;1;
short;1;
shortening;1;
shorter;2;
shot;1;
should;9;
shoulder;1;
show;3;
shows;1;
shrewd;1;
side;4;
sidenote;7;
sides;1;
siesta;1;
sign;1;
silanus;4;
silanus--see;1;
silence;1;
silius;2;
silken;1;
simple;1;
since;8;
sing;1;
singing;1;
single;1;
sister;6;
sisters;3;
sisyphus;2;
sit;3;
site;4;
sits;1;
sixteenth;1;
sixty;1;
sky;2;
slaughtered;1;
slave;3;
slaves;1;
slew;1;
slight;1;
slipped;1;
slipping;1;
slope;1;
small;3;
smooth;1;
snaps;1;
snow;1;
snowy;1;
so;23;
soft;1;
solemn;1;
solemnly;1;
solicit;2;
solicitation;1;
some;10;
son;2;
son-in-law;2;
song;3;
sons-in-law;2;
soon;1;
sorrow;2;
sorrows;1;
sorts;1;
soul;3;
sounds;1;
sources;1;
space;1;
spake;1;
span;1;
spaniards;1;
speak;4;
speaking;1;
special;1;
species;1;
specific;1;
specified;2;
spectacle;1;
sped;1;
speech;2;
speed;2;
speeds;1;
spied;1;
spin;1;
spindle;1;
spindles;3;
spinners;1;
spins;1;
spirit;1;
spoke;1;
spot;1;
spread;1;
spun;1;
staff;1;
stagers;1;
stars;2;
start;3;
starvation;1;
state;5;
statements;1;
states;15;
status;4;
stayed;1;
steady;1;
steel;1;
steps;1;
still;5;
stoic;2;
stop;1;
stored;1;
stranger;1;
strangers;1;
stricken;1;
strict;1;
strikes;1;
striped;1;
strong;2;
strung;1;
stupefied;1;
stupid;1;
style;2;
subdirectory;1;
subject;1;
subscribe;1;
subway;1;
such;13;
sudden;2;
suffer;1;
suggest;1;
suit;1;
suits;1;
summers;1;
summons;1;
sun;3;
sung;1;
sunrise;1;
suns;1;
sunset;1;
support;4;
surpasses;1;
survive;1;
swamp;1;
sway;1;
swear;1;
swears;1;
swift;2;
swiftly;1;
swore;1;
symbola;1;
synonymous;1;
system;1;
take;7;
taken;5;
takes;1;
tale;2;
talked;1;
talthybius;2;
tantalus;1;
task;3;
tax;6;
taxes;1;
te;1;
ted;2;
tell;10;
tells;1;
temple;3;
term;1;
terms;21;
terrestrial;1;
text;4;
than;16;
that--my;1;
their;11;
then;11;
theou;1;
there;18;
therefore;2;
thin;1;
thing;5;
things;5;
think;6;
third;1;
thirst;1;
thirteenth;2;
thirty;3;
thither;1;
thou;1;
though;5;
thought;4;
thousands;3;
thread;3;
threads;1;
threatening;1;
three;5;
threshold;1;
thro;2;
throng;1;
through;2;
throughout;1;
thus;3;
thy;5;
tiber;1;
tiberius;1;
till;1;
time;4;
tithons;1;
title;4;
toga;1;
together;3;
toil;2;
told;1;
tom;1;
tongue;4;
too;3;
took;3;
tootling;1;
tormented;1;
torrents;1;
torture;1;
touch;2;
town;1;
trade;1;
trademark;10;
trademark/copyright;1;
tradition;1;
tragic;1;
train;1;
transcribe;1;
transcription;1;
translated;1;
translation;2;
translations;2;
traulus;1;
travelled;1;
traveller;1;
treated;1;
treatment;1;
trembling;2;
tresses;1;
tribe;1;
trice;1;
trick;2;
tricksy;1;
tried;1;
tries;2;
trifle;1;
trifling;1;
triple;1;
trips;2;
tristionias;1;
trogus;1;
trotted;2;
troubles;1;
troublesome;1;
troupe;1;
trudged;1;
true;1;
true--one;1;
truly;1;
truth;3;
try;1;
turn;2;
turnips;1;
tweaks;1;
twists;1;
two;6;
types;1;
ugly;1;
unattended;2;
uncertain;1;
undefiled;1;
under;9;
underground;1;
understand;2;
understood;4;
unenforceability;1;
unfair;1;
uniform;1;
unintelligible;1;
united;10;
university;1;
unknown;4;
unless;4;
unlink;1;
unsolicited;1;
until;2;
unto;2;
up;19;
updated;2;
upon;10;
urbi;1;
use;12;
used;10;
user;3;
using;5;
usual;1;
usurped;1;
ut;1;
utilize;1;
uttered;2;
vain--it;1;
valens;1;
valerius;1;
vanilla;3;
vanish;1;
variety;1;
various;1;
varro;1;
vein;1;
venal;1;
venus;1;
verse;3;
version;1;
versions;1;
very;3;
vettius;1;
vica;1;
victorious;1;
vienne;1;
view;1;
viewed;1;
viewing;1;
vine;1;
violates;1;
virg;2;
virus;1;
visit;2;
voice;4;
void;1;
volunteer;1;
volunteers;6;
vote;1;
voucher;1;
vulcans;1;
wafted;1;
wagged;1;
walking;1;
walks;1;
want;6;
wants;1;
warranties;3;
warranty;2;
wars;1;
was;67;
washes;1;
waste;1;
waves;2;
way;14;
ways;2;
wearily;1;
weary;1;
web;6;
week;1;
weep;1;
weeping;1;
weidmann;2;
welcome;1;
well;5;
went;4;
were;10;
west;1;
whatsoever;2;
whd;2;
wheel;1;
whenever;1;
whereas;1;
whether;2;
while;4;
white;2;
whoever;1;
whole;7;
wholl;1;
whosoever;1;
wide;1;
wider;1;
widest;2;
wife;2;
will;27;
win;1;
winter;1;
wire;1;
wisdom;1;
wish;4;
wit;2;
with;90;
within;8;
without;15;
witness;3;
witnesses;1;
wits;1;
woe;2;
women;1;
wonder;2;
wondering;1;
wont;1;
wool;3;
word;7;
words;5;
work;47;
works;33;
world;9;
worse;2;
worship;3;
worth;1;
would;12;
wound;1;
wrapping;1;
wrath;2;
wretch;2;
wretched;1;
writing;4;
written;3;
wrong;1;
wrongs;1;
wwwgutenbergorg;3;
xanthus;1;
ye;1;
year;7;
years;11;
yet;2;
yield;1;
york;1;
your;20;
zipped;1;
