;78;
-;7;
/etext;1;
11333txt;1;
11333zip;1;
1a;1;
1b;1;
1c;2;
1d;1;
1e;2;
1e1;5;
1e2;1;
1e3;1;
1e4;1;
1e5;1;
1e6;1;
1e7;3;
1e8;4;
1e9;3;
1f;1;
1f1;1;
1f2;1;
1f3;4;
1f4;1;
1f5;1;
1f6;1;
501c3;2;
596-1887;1;
64-6221541;1;
abandoned;1;
abide;1;
able;1;
abode;1;
abominable;1;
about;33;
above;1;
accept;1;
accepted;2;
accepting;1;
access;11;
accessed;1;
accessible;1;
accomplished;1;
accomplishment;1;
accord;2;
accordance;3;
according;1;
account;2;
accused;1;
acquaintance;1;
across;4;
active;3;
acts;1;
actual;1;
addition;1;
additional;4;
additions;1;
address;1;
addresses;2;
admired;1;
adopt;1;
adopted;2;
adventure;2;
advice;4;
advised;1;
affected;1;
affection;1;
affections;1;
afresh;1;
afternoon;1;
again;9;
against;2;
agent;1;
agree;9;
agreed;2;
agreement;18;
ah;2;
air;2;
airy;2;
ak;1;
alarm;1;
alarm--;1;
alarmed;1;
all;72;
allegorist;1;
allow;4;
allowed;1;
almost;6;
alms;1;
alone;3;
along;4;
already;2;
also;9;
altar;1;
alteration;1;
alternate;1;
alternative;1;
although;2;
always;4;
am;14;
amethysts;1;
among;8;
amuse;1;
amusement;1;
amusements;3;
andersen;3;
angel;6;
angel-children;1;
angels;2;
anger;1;
angry;2;
answered;2;
anxiously;1;
anywhere;2;
appear;1;
appearance;2;
appeared;3;
appearing;1;
appears;1;
applicable;3;
apply;1;
approach;1;
approached;1;
apricots;1;
april;1;
archive;13;
arise;1;
arms;2;
around;4;
array;1;
art;7;
artist;1;
arums;1;
as-is;1;
ascii;3;
ask;6;
asked;9;
asleep;1;
assist;1;
assistance;1;
assists;2;
associated;8;
astonished;1;
ate;3;
atom;1;
attached;1;
attend;1;
attentively;1;
attuned;1;
author;2;
available;2;
awakens;1;
away--you;1;
awhile;1;
awoke;1;
axe;2;
baby;2;
back;9;
back-door;1;
bad;4;
bade;5;
bag;19;
ball;2;
baptism;1;
bare;1;
barely;1;
bargain;1;
barn;1;
based;5;
beams;1;
beard;2;
bearing;1;
beaten;1;
beautiful;12;
beautifully;1;
beauty;1;
became;9;
because;13;
become;2;
becoming;1;
bed;4;
been;22;
bees;1;
beg;2;
began;3;
beggar-boy;1;
begged;5;
begging;2;
beginning;4;
begun;1;
behaved;2;
being;2;
belief;2;
believe;2;
believed;2;
beloved;1;
below;5;
beneath;2;
benevolence;1;
benevolent;2;
bent;1;
beside;1;
besides;3;
best;2;
better;8;
between;1;
beware;1;
beyond;1;
bible;3;
bid;1;
bidding;1;
binary;1;
bind;1;
bird;10;
bird-friends;1;
birds;5;
birth;1;
bishop;1;
bit;1;
bites;1;
bitten;1;
bitter;2;
black;5;
blanket;1;
bled;1;
bleed;1;
bleeding;1;
bless;1;
blessed;1;
blew;1;
blissful;1;
blossoms;1;
blow;1;
blows;1;
blue;1;
boggy;1;
bold;1;
boldly;1;
book;7;
books;1;
boots;1;
bore;2;
born;2;
borne;1;
borrowed;1;
bosom;1;
both;3;
bought;1;
bound;4;
bounties;1;
bowed;1;
boy;24;
boys;2;
branches;1;
breach;2;
bread;3;
breakfast;2;
breast;2;
breath;1;
breathed;1;
breeze;2;
bridges;3;
bright;12;
brightest;1;
brilliant;1;
brindle;1;
bring;4;
broad;1;
broad-leaved;1;
broke;2;
brood;1;
broods;1;
brother;1;
brothers;1;
brought;2;
brow;1;
brown;9;
browse;1;
brush;1;
brushing;1;
buds;2;
built;2;
bun;2;
bunches;1;
buried;1;
burn;1;
burned;1;
burning;3;
burnished;1;
burnt;1;
burst;1;
business;2;
business@pglaforg;1;
busy;2;
butterflies;1;
buy;1;
cage;3;
caged;2;
calculate;1;
calculated;1;
call;1;
called;5;
calling;1;
came;27;
can;15;
cannot;8;
cant;2;
card;1;
care;4;
careful;1;
carefully;1;
carmel;10;
carmelite;2;
carriage;3;
carried;3;
carry;1;
cart;1;
carved;1;
case;2;
cases;1;
castle;1;
catch;1;
cattle;2;
cause;3;
caused;2;
cave;2;
cease;2;
ceased;1;
ceiling;2;
certain;2;
certainly;4;
chair;2;
chaise;1;
chamber;6;
chamber--wonderfully;1;
chancel-door;1;
change;1;
chapter;18;
character;2;
charge;6;
charges;1;
charitable;1;
charities;1;
charity;2;
charley;6;
charleys;1;
charm;2;
charming;2;
charmingly;1;
check;2;
checks;1;
cheek;3;
cheerful;2;
cheerfully;1;
chief;1;
chiefly;2;
child;12;
childhood;2;
childish;1;
children;14;
childrens;2;
chimney;1;
chimney-sweep;6;
choir;1;
choose;1;
christian;5;
christmas-eve;1;
church;14;
church-corner;1;
church-door;4;
churchyard;1;
churchyard-gate;1;
circle;1;
city;6;
clacking;1;
claim;1;
clapped;1;
clasp;1;
clear;4;
clearly;2;
clergyman;2;
clergyman--;1;
clergymans;2;
clever;1;
close;2;
closet;1;
closing--;1;
cloth;1;
clothed;1;
clothes;5;
clumsy;1;
clung;1;
coachman;1;
codes;1;
coffin;2;
cold;5;
collection;6;
colman;4;
colmans;1;
color;1;
come;20;
comes;1;
comfort;3;
comfortable;1;
coming;1;
commercial;1;
committed;1;
company;1;
compare;1;
compassion;1;
complain;1;
complained;1;
compliance;5;
comply;6;
complying;3;
compressed;2;
concept;2;
concerning;2;
conductor;1;
confessed;1;
confirmation;1;
confirmed;3;
confusedly;1;
congregation;1;
conscience-stricken;1;
consent;1;
consequential;1;
considerable;2;
constant;1;
contact;4;
contain;2;
containing;1;
content;1;
contents;2;
continued;6;
contract;1;
contributions;2;
contrived;1;
convert;1;
coo;1;
cooing;1;
copied;2;
copies;7;
copper;1;
copy;12;
copying;4;
cord;1;
corn;8;
corn-bottles;1;
corn-field;2;
corn-fields;1;
corner;1;
corporation;1;
corrected;1;
corresponding;1;
corrupt;1;
cost;3;
costs;2;
cottage;1;
cottage--see;1;
could;20;
counsel;1;
count;1;
countenance;2;
countries;1;
country;2;
courage;1;
course;2;
covenant;1;
covered;6;
cow;4;
cows;1;
created;2;
creating;4;
creation;1;
creature;1;
credit;1;
credulousness;1;
creep;1;
crept;1;
cried;9;
criminals;1;
critical;1;
cross;1;
crown;1;
cruelly;1;
crutch;1;
crutches;1;
crying;2;
crystal;1;
cup;1;
curiously;1;
curl;1;
current;2;
cushioned;1;
cut;2;
cypress;1;
cypress-tree;1;
cypress-trees;1;
cypresses;2;
daily;1;
damage;2;
damaged;2;
damages;4;
dance;25;
danced;12;
dancing;6;
dancing-shoes;3;
dangerous;2;
dared;1;
dark;1;
darnel;1;
data;1;
date;5;
daughter;2;
day;16;
day--finer;1;
daybreak;1;
days;8;
dead;3;
deal;3;
dear;11;
dearest;1;
dearly;1;
death;1;
decked;1;
deductible;1;
deed;1;
deeds;2;
deep;1;
defect;3;
defective;3;
defects;1;
delay;1;
deletions;1;
delicate;1;
delighted;4;
delightful;1;
delightfully;1;
delivered;1;
demand;1;
depend;1;
depends;1;
depth;1;
derivative;3;
derive;1;
derived;1;
described;1;
description;1;
deserved;1;
desired;2;
despair;1;
despite;1;
destroy;3;
destroying;2;
destruction;1;
detach;1;
determine;1;
determined;1;
devout;1;
dew;3;
diamond;2;
diamonds;3;
did;16;
different;4;
digit;1;
digits;1;
diligently;2;
diminutive;1;
dinner;1;
dint;1;
direct;1;
directions;1;
directly;2;
director;1;
directories;1;
directory;1;
dirty;1;
disclaim;1;
disclaimer;3;
disclaimers;1;
discontinue;1;
discover;1;
discovered;2;
disk;1;
disobliged;1;
disobliging;1;
dispersing;1;
display;1;
displayed;1;
displaying;4;
distress;1;
distressed;1;
distribute;6;
distributed;6;
distributing;7;
distribution;6;
distributor;1;
do;35;
dodge;1;
does;3;
dog;4;
doing;4;
doll;2;
domain;8;
dome;1;
donate;3;
donation;1;
donations;15;
done;4;
donors;1;
dont;2;
door;5;
dost;5;
double;1;
dove;1;
doves;10;
down;18;
download;2;
downloading;1;
dr;2;
dread;1;
dreadfully;1;
dream;1;
dreams;1;
dress;2;
dressed;4;
dresses;1;
dressing-gown;1;
drew;1;
dried;1;
drive;1;
driven;2;
dropping;1;
drove;4;
drubbing;1;
dry;5;
during;1;
dust;1;
dusty;1;
duties;1;
duty;1;
dwell;1;
dwelt;1;
dying;2;
e-mail;1;
ear;2;
early;6;
earnest;1;
earnestly;1;
earning;1;
ears;3;
earth;6;
easily;1;
easy;2;
eat;4;
eating-room;1;
ebooks;14;
economical;1;
edition;1;
editions;5;
education;1;
educational;1;
effort;2;
efforts;3;
eggs;1;
ein;1;
either;1;
elder;1;
eldest;1;
elect;1;
electronic;27;
electronically;2;
elegant;1;
elijah;1;
elisha;1;
ellenore;2;
else;3;
email;3;
emeralds;1;
employee;1;
employees;2;
employment;1;
emptied;1;
empty;5;
emptying;1;
enclosed;1;
encoding;1;
end;6;
ended;2;
engaged;1;
england;2;
english;4;
enjoy;1;
enough;6;
ensuring;1;
enter;3;
entered;2;
entire;1;
entity;3;
entrance;3;
entranced;1;
entreaty;2;
equal;1;
equally;1;
equipment;3;
errors;1;
escaped;1;
especially;1;
etc;2;
etext;5;
eve;1;
even;7;
evening;4;
evening--it;1;
ever;11;
every;6;
every-day;1;
every-where;1;
everybody;2;
everywhere;1;
examined;1;
example;1;
exceedingly;1;
excellent;1;
except;4;
exclaiming;1;
exclusion;1;
executioner;4;
executive;1;
exempt;2;
exercise;1;
exercised;1;
exists;1;
expend;1;
expense;2;
expenses;2;
explained;1;
explanation;2;
exporting;1;
express;1;
expressed;1;
extent;1;
extreme;1;
eye;2;
eyes;10;
f3;1;
fabric;1;
fabulous;1;
face;6;
facility;1;
facts;1;
fail;1;
fain;1;
fairbanks;1;
fairy;1;
fall;2;
fallen;2;
falls;1;
family;7;
fancied;3;
fancy;2;
far;5;
farewell;2;
farther;1;
farthest;1;
fast;1;
fate;1;
father;30;
father--;1;
father--for;1;
fathers;5;
favors;1;
fear;2;
fearful;1;
february;1;
federal;2;
fee;8;
feeble;1;
feed;1;
feel;1;
feeling;1;
feelings;3;
fees;4;
feet;18;
fell;4;
fellow;2;
fellow-men;1;
felt;2;
fence;1;
fervent;1;
few;4;
field;8;
field--how;2;
field-flowers;1;
fields;8;
figures;2;
file;5;
filed;2;
filename;5;
filenames;1;
files;2;
fill;5;
filled;7;
financial;1;
find;5;
finding;1;
fine;5;
finer;1;
finest;2;
fingers;1;
fire;1;
firewood;1;
firm--you;1;
first;12;
fitness;1;
fitted;2;
five;1;
fix;1;
fixed;1;
flat;2;
flew;3;
flight;3;
fling;1;
floated;1;
floating;1;
flood;3;
floor;2;
flower;1;
flowers;7;
flowing;1;
flown;2;
fly;2;
fogs;1;
folding-doors;1;
follow;2;
followed;3;
following;5;
fond;4;
food;2;
foolish;1;
foot;3;
for;118;
forced;4;
forehead;1;
forest;1;
forever;2;
forgot;3;
forgotten;3;
form;4;
format;4;
formats;3;
formed;3;
former;2;
forming;1;
forth;12;
fortune;2;
found;8;
foundation;22;
foundations;3;
free;6;
freedom;1;
freedom--;1;
freely;4;
frequently;1;
fresh;2;
friend;2;
friendly;1;
friends;4;
fright;1;
frightened;7;
frock;2;
from;52;
front;2;
frost;1;
frosty;1;
frown;1;
frozen;1;
frugal;1;
fruit;6;
full;18;
furious;1;
further;1;
future;6;
gain;1;
garden;8;
garden-hedge;1;
garments;2;
gate;2;
gathered;7;
gathering;1;
gave;13;
gavest;1;
gayly;1;
gbnewby@pglaforg;1;
general;4;
generally;1;
generations;2;
genius;3;
gentle;4;
gentlefolks;1;
german;1;
get;2;
gift;1;
girl;9;
girls;1;
give;13;
given;8;
gives;1;
giving;1;
glad;3;
gladden;1;
gladly;1;
glanced;1;
glass;1;
gleamed;1;
glean;1;
gleaner;7;
gleaners;1;
gleaning;1;
gleanings;1;
glisten;1;
glittering;2;
gloomy;3;
glorious;3;
gloriously;1;
glow-worms;2;
go;18;
goals;1;
goats;3;
god;7;
going;5;
gold;3;
golden;2;
gone;5;
good;21;
good-by;1;
good-morning;1;
got;3;
govern;1;
grain;2;
grandeur;1;
granted;1;
grass;8;
grate;1;
gratefully;1;
gratitude;1;
grave;4;
graze;1;
great;22;
greater;1;
greatest;2;
greatly;2;
green;6;
gregory;1;
grew;7;
grieved;1;
grinding;1;
gross;1;
ground;9;
group;2;
grove;1;
groves;1;
grow;2;
grown;1;
grows;2;
guess;1;
guide;1;
gutenberg-tm;56;
gutenberg-tms;1;
had;88;
hag;1;
half;4;
half-covered;1;
half-opened;1;
hall;2;
hand;9;
handful;2;
handing;2;
hands;4;
handsome;1;
handsomer;1;
hans;3;
happened;1;
happier;1;
happiness;5;
happy;10;
hard;5;
hard-hearted;1;
hardly;1;
hark;1;
harm;4;
harmless;1;
hart;2;
harvest;1;
harvest-time;1;
has;12;
hast;1;
hastened;1;
hastily;1;
hatched;1;
hats;1;
have;48;
having;5;
hawthorn;1;
hay;3;
hay-making;1;
head;13;
heads;2;
healthy;1;
heaps;1;
hear;13;
heard;9;
hearing;1;
heart;13;
heart-garden;1;
heartily;2;
hearts;3;
heath;2;
heaven;6;
heavenly;3;
heavy;1;
hedge;1;
held;1;
help;14;
here;12;
heroine;1;
hesitated;1;
hidden;1;
hiding-holes;1;
high;3;
hill-path;1;
hills;2;
hit;1;
ho;1;
hold;4;
holder;4;
holiday;2;
hollowed;1;
holy;2;
home;10;
honeysuckle;1;
honorable;1;
honorably;1;
hope;2;
horrible;1;
horse;1;
hot;5;
hottest;1;
hour;5;
hours;1;
house;3;
household;1;
houses;1;
hovel;1;
how;46;
however;4;
howitt;2;
html;1;
https//gutenbergorg/license;1;
https//pglaforg;2;
https//pglaforg/donate;1;
https//pglaforg/fundraising;1;
https//wwwgutenbergorg;1;
https//wwwgutenbergorg/1/0/2/3/10234;1;
https//wwwgutenbergorg/1/1/3/3/11333/;1;
https//wwwgutenbergorg/2/4/6/8/24689;1;
https//wwwgutenbergorg/etext06;1;
https//wwwgutenbergorg/gutindexall;1;
https//wwwpglaforg;1;
hum--;1;
humble;1;
hundreds;3;
hung;1;
hungry;3;
hurricane;1;
hurt;4;
husband;1;
hymns;1;
hypertext;1;
ice;2;
identical;1;
identification;1;
identify;1;
idling;1;
ii;4;
iii;4;
ill;3;
ill-humored;1;
ill-nature;1;
ill-treating;1;
illustration;22;
im;3;
imagine;1;
immediate;2;
immediately;1;
implied;2;
implored;1;
importance;1;
important;2;
imposed;1;
improve;1;
in;229;
inaccurate;1;
incensed;1;
incidental;1;
inclined;1;
include;1;
included;3;
includes;1;
including;10;
incomplete;1;
increasing;1;
indeed;6;
indemnify;1;
indemnity;1;
indicate;1;
indicates;1;
indicating;1;
indirect;1;
indirectly;1;
individual;4;
industrious;3;
industry;1;
inexperienced;1;
information;8;
infringement;1;
ingeniously;1;
inhabitants;1;
injure;1;
injustice;1;
innocence;1;
innocent;1;
inquired;1;
inquiries;1;
insects;1;
instantly;1;
instep;1;
instructed;1;
intellectual;2;
intelligent-looking;1;
intended;1;
interest;1;
interested;1;
interesting;1;
internal;1;
international;1;
interpreted;1;
into;30;
invalidity;1;
invited;1;
iron;1;
iron-hearted;1;
irs;1;
is;73;
is--;1;
its;18;
iv;4;
ive;1;
ivy;1;
ix;2;
jack-o-lanterns;1;
january;1;
jewels;1;
journey;5;
joy;3;
joyful;1;
jump;1;
jumped;1;
just;11;
juvenile;1;
karen;32;
karens;2;
keep;5;
keeping;2;
key;1;
kicks;1;
kind;18;
kindest;1;
kindly;4;
kindness;4;
kiss;1;
kissed;3;
kisseth;1;
kitchen;1;
knee;1;
knees;1;
knelt;1;
knew;12;
knightly;1;
knights;1;
knock;2;
knocked;1;
know;11;
knowledge;1;
laborers;1;
lady;18;
laid;2;
lake;2;
lamp;1;
land;3;
lanes;1;
language;1;
lantern;1;
large;13;
last;8;
late;1;
lately;1;
latter;1;
laughed;3;
law;2;
laws;9;
lay;2;
lead--that;1;
learn;5;
learned;3;
learning;1;
learnt;1;
least;1;
leather;1;
leave;7;
leaves;1;
leaving;1;
led;5;
left;3;
legal;2;
legally;1;
legs;1;
length;1;
less;1;
lesson;2;
let;9;
letter;1;
level;1;
liability;3;
liable;1;
library;1;
license;15;
licensed;1;
lieu;2;
life;4;
lifted;2;
light;4;
lightly;1;
lights;1;
like;16;
likes;1;
limbs;1;
limitation;3;
limited;5;
lined;2;
linked;1;
links;3;
lips;1;
listen;1;
listened;5;
literary;13;
little;76;
lived;6;
lives;1;
living;1;
load;1;
loaded;2;
located;4;
locating;1;
locations;2;
locke;1;
locks;1;
lofty;1;
london;2;
long;15;
longer;4;
longings;1;
look;8;
looked;22;
looking;5;
looking-glass;1;
looks;2;
loose;1;
loosed;1;
lord;2;
lose;1;
losses;1;
lost;2;
lot;3;
loud;1;
loudly;1;
love;8;
loved;4;
lovely;2;
low;1;
lowest;1;
lucy;3;
luncheon;1;
machine;1;
made;15;
made--and;2;
madly;1;
maid;1;
main;1;
maintaining;1;
make;7;
makes;2;
man;30;
manager;1;
mannered;1;
mans;7;
many;8;
march;2;
marian;5;
marked;2;
marreth;1;
mary;2;
master;6;
masters;1;
matches;1;
maximum;1;
may;30;
me--but;1;
meadow;7;
meadows;1;
meal;8;
meals;1;
mean;1;
meanly;1;
means;3;
meant;1;
medium;5;
meet;2;
meets;2;
melan;1;
melancholy;1;
melted;1;
men;6;
mentioned;2;
merchantibility;1;
mercy;2;
met;1;
method;2;
methods;1;
michael;2;
middle;1;
middle-aged;1;
midst;1;
might;8;
mild;2;
milk;1;
mill;22;
mill-streams;1;
miller;26;
millers;3;
mills;1;
mind;5;
minds;1;
mingling;1;
minute;1;
mischievous;1;
misery;1;
misfortune;1;
misfortunes;2;
miss;2;
misses;1;
mission;4;
mississippi;1;
mistake;1;
mistress;1;
modestly;1;
modification;1;
modified;1;
moment;4;
moments;1;
monastery;4;
money;6;
monk;11;
monks;3;
months;1;
mooly;2;
moon;2;
moral;1;
more;23;
morn;1;
morning;12;
morning--it;1;
morocco;1;
mortal;1;
moss;1;
most;9;
mother;29;
mothers;1;
motion;1;
mount;7;
mountain;1;
mountains;3;
mourning;1;
moved;1;
mow;1;
mowed;1;
mown;1;
mrs;5;
much;21;
music;5;
music-directors;1;
musician;10;
musicians;2;
musics;1;
must;28;
my;47;
name;4;
named;2;
narratives;1;
narrow;1;
natural;1;
nature;2;
naught;1;
naughty;3;
nay;1;
near;9;
neared;1;
nearly;4;
neat;1;
necessarily;1;
necessary;1;
neck;3;
necklace;3;
need;5;
needle;1;
neglect;2;
negligence;1;
neighbor;2;
neighborhood;1;
neighbors;8;
neither;3;
nest;8;
network;1;
never;14;
new;15;
newby;1;
newsletter;1;
newspapers;1;
next;6;
nice;2;
nicely;1;
night;7;
nightingale;1;
no;38;
noble;2;
nodded;3;
nodding;1;
noise;1;
non;1;
nonproprietary;1;
nonsense;1;
noon;1;
nor;2;
north;1;
not;81;
notice;4;
notifies;1;
notwithstanding;1;
november;2;
now;28;
number;9;
numbers;3;
numerous;1;
nursed;1;
oak;1;
oak-tree;1;
obeyed;1;
oblige;1;
obliged;2;
obsolete;1;
obtain;3;
obtaining;2;
occasioned;1;
occupant;2;
occupied;1;
occur;2;
oer;2;
of;316;
off;16;
offer;1;
offered;1;
offers;1;
office;2;
official;3;
oft-times;1;
often;9;
oh;9;
old;67;
older;4;
oldest;1;
on;58;
once;8;
one;30;
one--the;1;
ones;4;
ones--looked;1;
online;4;
only;19;
open;7;
opened;2;
opening;1;
opens;1;
opportunities;1;
opportunity;1;
orange;3;
orange-trees;1;
orders;2;
organ;4;
organized;1;
original;3;
originator;1;
others;3;
otherwise;1;
our;21;
out;38;
outdated;1;
outside;4;
outward;1;
over;21;
overflowing;1;
overlooked;1;
owed;1;
own;7;
owner;5;
owns;2;
page;3;
pages;1;
paid;7;
pain;3;
pains;1;
pair;5;
pale;4;
paper;1;
paperwork;1;
paragraph;11;
paragraphs;3;
parent;1;
parents;2;
parsonage;1;
part;7;
particular;2;
particularly;2;
parting;2;
party;1;
pass;1;
passage;1;
passages;1;
passed;2;
passers-by;1;
passing;2;
past;1;
patent;1;
path;5;
pavement;1;
pay;2;
paying;2;
payment;1;
payments;3;
peace;3;
peaceful;1;
pealed;2;
pearl;7;
pears;2;
pebbles;1;
penury;1;
people;16;
peoples;1;
perceived;1;
perform;3;
performances;1;
performed;1;
performing;3;
perhaps;3;
periodic;1;
permanent;1;
permission;7;
permitted;2;
perseverance;2;
persevering;1;
person;4;
persons;1;
pet;1;
pew;2;
pg;3;
pglaf;1;
philosopher;1;
phrase;4;
physical;2;
pick;1;
picture;2;
pictures;2;
piece;1;
pieces;1;
pigs;1;
piled;1;
pillars;2;
pillow;1;
pines;1;
pious;1;
pities;2;
pitiful;1;
pity;4;
place;4;
placed;1;
places;1;
plain;3;
planning;1;
plates;1;
play;3;
played;3;
playing;3;
pleasant;6;
please;4;
pleased;2;
pleasing;1;
pleasure;4;
pleasures;1;
pocket;1;
poetry;1;
poets;3;
polished;3;
pomegranate;2;
poor;34;
poorly;1;
poppies;1;
porridge;1;
portraits;1;
possessed;2;
possession;2;
possibility;1;
posted;7;
pour;1;
poverty;2;
power;1;
practically;1;
praise;3;
prattled;1;
pray;5;
prayed;2;
prayer-book;1;
prayer-books;1;
preachers;4;
precepts;1;
precious;1;
preface;1;
prepare;2;
preparing;1;
present;4;
presented;1;
preserve;1;
press;1;
pressing;1;
pretty;4;
prevent;1;
previous;1;
primroses;1;
princess;3;
principal;1;
print;1;
printed;2;
prior;1;
problem;1;
proceeded;1;
processing;1;
procure;1;
produce;1;
produced;3;
production;1;
professor;1;
profit;1;
profitable;1;
profits;1;
prohibition;1;
project;87;
prominently;2;
promise;1;
promised;1;
promoting;2;
promotion;1;
proofread;1;
proofreaders;2;
property;2;
proprietary;1;
prosperous;1;
protect;2;
proud;2;
provide;7;
provided;4;
providence;1;
providing;4;
provision;1;
provisions;1;
prowess;1;
psalm;3;
psalms;1;
public;9;
pulled;2;
punishment;1;
punitive;1;
purchaser;1;
pure;1;
purpose;2;
put;6;
queen;1;
quick;1;
quickly;1;
quiet;1;
quite;3;
rages;1;
ragged;3;
rain;4;
rains;1;
raise;2;
raised;7;
ran;3;
rapid;1;
rather;3;
raved;1;
raveth;1;
re-use;2;
reach;1;
reached;3;
reaching;1;
read;10;
readable;2;
reading;3;
ready;3;
real;1;
really;3;
reap;1;
reaped;1;
reapers;1;
reason;1;
reasonable;1;
rebuild;1;
receipt;2;
receive;3;
received;10;
receiving;3;
recompense;1;
recover;2;
red;38;
redistribute;1;
redistributing;2;
redistribution;2;
references;2;
refund;10;
registered;2;
regretted;1;
regular;1;
regulating;1;
rejoice;1;
rejoined;1;
relate;2;
related;1;
release;3;
relish;1;
remain;1;
remaining;1;
remedies;1;
remember;3;
remembrance;1;
remove;1;
removed;2;
renamed;2;
repairs;1;
repent;1;
repented;1;
replace;2;
replaced;2;
replacement;5;
replied;6;
replied--;1;
reply;2;
reported;1;
reports;1;
repose;1;
reposing;1;
representations;1;
request;2;
require;1;
required;1;
requirements;4;
research;2;
resolved;1;
respectable;1;
respected;1;
rest;2;
restrictions;2;
resumed;1;
return;3;
returned;3;
returns;1;
revenge;1;
revenue;1;
reward;1;
rich;5;
ride;5;
right;11;
rightly;1;
rind;1;
rings;1;
ripe;1;
rising;2;
roads;1;
roars;1;
rocked;1;
rolled;1;
roof;2;
room;6;
roots;1;
rosanna;2;
rose;1;
roses;1;
round;4;
royalties;2;
royalty;3;
rubies;1;
ruffs;1;
rules;2;
run;2;
running;1;
rushed;2;
rushing;3;
s;2;
s/he;1;
sacks;1;
sacrament;1;
sadly;1;
safely;1;
said;46;
said--;4;
salt;1;
same;7;
sang;3;
sapphires;1;
sat;14;
save;2;
saved;1;
saviour;1;
saw;11;
say;1;
saying--;1;
says;2;
scamper;1;
scarcely;2;
scattered;1;
scattereth;1;
scene;1;
schools;1;
scold;1;
screamed;1;
sea;3;
search;2;
season;3;
seat;2;
seated;2;
seats;1;
second;10;
section;7;
sections;1;
secure;1;
see;24;
seeing;2;
seekers;1;
seeking;1;
seemed;4;
seems;1;
seen;6;
seized;1;
select;1;
selected;2;
self-defence;1;
self-gratification;1;
sell;1;
send;6;
sending;1;
sends;1;
senseless;1;
sent;2;
sentence;2;
separate;1;
series;1;
servants;1;
service;3;
set;20;
setting;1;
several;5;
severe;1;
severely;1;
severity;1;
sew;1;
sewed;1;
shade;1;
shadowy;1;
shall;9;
shalt;4;
share;3;
shared;2;
sharing;1;
sharp;1;
sharply;1;
sheaf;1;
sheaves;3;
shed;2;
sheep;1;
sheets;1;
shell;1;
shelter;1;
shine;3;
shining;3;
shoemaker;3;
shoemakers;1;
shoes;46;
shoes--she;1;
shone;7;
shook;3;
should;10;
shoulders;3;
show;1;
shower;1;
showers;1;
showing;1;
shrieked;1;
shut;1;
sick;2;
sickness;1;
side;2;
sidewalks;1;
sigh;2;
sight;3;
silent;1;
silver;4;
simple;1;
simple-minded;1;
sin;3;
since;2;
sing;4;
singing;3;
single;2;
sins;1;
sister;1;
sit;6;
site;4;
sits;1;
sitting;2;
skating;2;
skin;1;
skip;1;
sky;2;
sleep;2;
sleep--let;1;
sleeping;1;
slept;1;
slides;2;
slipped;1;
sluice-gates;1;
slung;1;
small;6;
smile;1;
smiles;1;
smiling;1;
smooth;1;
snow;4;
so;59;
sobbed;1;
social;1;
soft;4;
softly;2;
sold;2;
soldier;5;
solemnly;1;
soles;1;
solicit;2;
solicitation;1;
solid;1;
solitary;1;
some;22;
sometimes;2;
son;9;
song;3;
songs;1;
sons;1;
soon;4;
sooner;1;
soot;1;
soot-bag;1;
sorrow;2;
sorrowful;4;
sorrowfully;1;
sorry;7;
soul;4;
sound;2;
sounded;5;
sources;1;
sparkle;1;
speaks;1;
special;1;
specific;1;
specified;2;
spend;4;
spirit;1;
spiteful;1;
splendid;3;
spoke;5;
spray;2;
spread;3;
spring;5;
sprinkled;1;
sprung;1;
squires;5;
staff;1;
staircase;1;
stalk;1;
stalls;1;
stand;2;
standing;4;
stands;1;
star;1;
stared;1;
start;3;
started;3;
state;5;
statements;1;
states;15;
stature;1;
status;4;
stay;1;
stayed;1;
stead;1;
steel;1;
steep;1;
step;1;
stepped;1;
steps;2;
stick;1;
stiff;1;
still;7;
stirred;2;
stock;1;
stockingless;1;
stockings;3;
stone;3;
stones;2;
stood;11;
stop;3;
store;4;
store-house;1;
store-room;2;
stored;1;
stories;5;
storm;1;
storm-winds;1;
stormed;1;
story;10;
story--;1;
straight;2;
strains;1;
strange;3;
stranger;1;
straw;1;
stream;4;
streamed;2;
street;3;
streets;3;
strengthening;1;
stretched;1;
strict;1;
strike;3;
string;1;
striped;1;
strong;1;
stronger;1;
struck;1;
struggled;1;
study;2;
stunned;1;
subdirectory;1;
subject;1;
subscribe;1;
subsided;2;
such;16;
sudden;1;
suddenly;2;
suffer;2;
suffered;5;
sufferings;1;
summer;7;
sun;8;
sunday;3;
suns;1;
sunshine;4;
supernatural;1;
supper;1;
supply;1;
support;4;
suppose;1;
sure;8;
surely;1;
surprise;1;
surrey;1;
survive;1;
suspicion;1;
swamp;1;
sweep;5;
sweet;6;
sweetly;1;
swim;1;
swollen;1;
sword;2;
sympathizing;1;
synonymous;1;
syria;2;
system;1;
table;1;
take;9;
taken;2;
takes;2;
taking;4;
tale;1;
tales;3;
talisman;1;
talked;2;
tall;1;
tansy;1;
tapped;1;
task;1;
tasks;1;
tasted;1;
taught;3;
tax;6;
taxes;1;
teach;2;
tearful;1;
tears;11;
tell;4;
tempest;1;
tender;1;
terms;21;
terrible;1;
terrified;3;
than;17;
thank;3;
thanked;1;
thanks;1;
thee;13;
their;30;
then;32;
there;45;
thereby;1;
thick;1;
thief;1;
thin;2;
thine;1;
thing;6;
things;8;
think;7;
thinking;3;
third;2;
thirty;1;
thou;22;
thou--;1;
though;1;
thought;16;
thought--they;1;
thoughtful;1;
thoughts;3;
thousand-fold;1;
three;1;
threw;2;
thrilling;1;
thrived;1;
thriving;1;
through;19;
throughout;1;
throw;1;
thus;3;
thus--it;1;
thy;21;
tied;1;
till;6;
time;11;
times;2;
tips;1;
tired;5;
tired--my;1;
title;1;
to-day;2;
to-morrow;2;
together;5;
toil;1;
toils;1;
toilsome;1;
told;4;
tombs--those;1;
tone;2;
tony;27;
tonys;3;
too;8;
took;13;
topazes;1;
tops;1;
torn;1;
torrent;3;
touch;1;
touched;5;
touching;1;
towards;8;
trace;1;
trademark;10;
trademark/copyright;1;
train;1;
trample;1;
transcribe;1;
transcription;1;
translated;1;
translation;1;
transparent;2;
travelled;1;
traveller;1;
tread;1;
treasure;1;
treat;1;
treated;2;
treatment;1;
tree;2;
tree-trunks;1;
trees;6;
tremble;2;
trembling;2;
tried;3;
trifles;1;
trod;1;
troubles;1;
true;6;
try;1;
tubs;1;
tumbled;1;
tumbling;1;
turn;2;
turned;5;
turns;2;
turtle-doves;11;
twas;1;
two;6;
types;1;
unable;1;
unbelief;1;
under;12;
understand;2;
unemployed;1;
unenforceability;1;
unfortunate;1;
unfriendly;1;
unhappy;1;
uniform;1;
united;10;
unknown;1;
unless;4;
unlink;1;
unlucky;1;
unruffled;1;
unsolicited;1;
until;4;
unto;1;
up;28;
updated;1;
upon;27;
upper;2;
us-ascii;1;
use;14;
used;7;
useful;4;
user;3;
uses;1;
using;5;
usual;1;
ut;1;
utilize;1;
v;4;
vain;4;
valley;3;
vanilla;3;
vanished;1;
vapor;1;
variety;1;
various;1;
ventured;1;
version;1;
versions;1;
very;54;
vestibule;1;
vexed;1;
vi;4;
view;3;
viewed;1;
viewing;1;
vii;3;
viii;3;
village;1;
violates;1;
violently;1;
violets;1;
violin;5;
virus;1;
visit;2;
visited;1;
voice;5;
voices;3;
void;1;
volunteer;1;
volunteers;6;
wages;1;
wagons;1;
wait;2;
waited;1;
waiting;1;
walked;2;
walks;1;
walls;3;
walnut-tree;2;
wandered;1;
wandering;1;
want;4;
wanted;2;
wants;1;
warm;2;
warmly;1;
warning;3;
warranties;3;
warranty;2;
was;163;
wash;3;
washing-day;1;
watch;2;
watched;1;
watching;1;
water;1;
water-maid;1;
water-spout;1;
water-tubs;1;
water-witch;1;
waters;2;
way;11;
ways;2;
wear;1;
weary;3;
weather;4;
web;6;
week;1;
weeks;1;
weep;3;
weeping;2;
welcome;1;
well;21;
went;28;
wept;1;
wept--for;1;
were;52;
wert;1;
west;1;
wet;1;
whatsoever;2;
wheel;2;
wheeled;1;
wheels;1;
whenever;2;
wherever;1;
whether;2;
while;3;
whilst;1;
whisper;1;
white;7;
whole;3;
wide;2;
widened;1;
widest;2;
wielded;1;
wife;7;
wilds;1;
will;38;
willies;1;
willing;1;
willy;18;
willys;1;
wilt;5;
wind;1;
window;15;
windows;3;
winds;1;
wing;1;
wings;6;
winter;15;
winter--the;1;
winterdown;3;
winters;1;
wire;1;
wise;1;
wish;2;
wished;3;
wishing;1;
with;145;
within;5;
without;12;
wives;2;
wo;1;
woman;1;
wonder;1;
wonderful;4;
wondering;1;
wondrous;1;
wood;4;
wooden;2;
woods;2;
word;5;
words--;1;
wore;2;
work;49;
worked;2;
working;1;
workmen;1;
works;33;
world;2;
worn;1;
worth;1;
worthy;1;
would;27;
woven;1;
wreathed;1;
wreaths;1;
wretched;1;
writing;3;
written;4;
wrong;3;
wrought;1;
wwwgutenbergorg;3;
x;2;
xi;1;
xii;1;
year;7;
years;3;
yellow;1;
yes;4;
yet;6;
yielded;1;
young;29;
younger;2;
your;19;
yuen;2;
zipped;1;
