;8;
-;7;
--inevitable;1;
--measures;1;
/etext;1;
12384txt;1;
12384zip;1;
14th;1;
15th;1;
1683-64;1;
1860-1;3;
1a;1;
1b;1;
1c;2;
1d;1;
1e;2;
1e1;5;
1e2;1;
1e3;1;
1e4;1;
1e5;1;
1e6;1;
1e7;3;
1e8;4;
1e9;3;
1f;1;
1f1;1;
1f2;1;
1f3;4;
1f4;1;
1f5;1;
1f6;1;
200000--artillery;1;
4th;1;
501c3;2;
596-1887;1;
64-6221541;1;
a-nutting;2;
abandon;1;
abate;1;
abate--;1;
abed-nego;1;
abhorred;1;
abide;1;
ablaze;1;
able;3;
abode;1;
about;23;
above;8;
abraham;3;
abrahamic;2;
abroad;3;
abroad--with;1;
absent;2;
absorb;1;
abstinence;1;
abud;1;
abyss;2;
academy;1;
accept;1;
accepted;2;
accepting;1;
accepts;1;
access;10;
accessed;1;
accessible;1;
accessories;1;
accomplished;2;
accordance;3;
according;3;
accordingly;1;
account;5;
accounts;1;
accurst;1;
accused;1;
achieve;1;
achievement;1;
achievements;1;
achilles;1;
acknowledged;1;
acquiesces;1;
acres;1;
acrimonious;1;
act;1;
act--into;1;
acted;1;
acting;1;
action;2;
actions;2;
active;3;
actual;1;
adamant;3;
adaptations;1;
adaptive;1;
add;1;
added;3;
addition;1;
additional;4;
additions;1;
address;1;
addressed;1;
addresses;2;
adherent;1;
adherents;1;
adieu;2;
admetus;1;
admirable;1;
admiral;4;
admiral--yielding;1;
admission;1;
admitted;1;
adonis;1;
adopted;1;
adore;1;
adown;1;
adrift;1;
adroop;1;
advance;6;
advance--;2;
advance--cut;1;
advanced;2;
advancing;1;
advancings;1;
advocated--these;1;
aeons;2;
aerial;1;
afar;4;
affair;1;
affected;3;
affecting;1;
affection;1;
afford;1;
affrighted;1;
afire;1;
aflame;1;
afloat;1;
afoot;1;
afresh;1;
afric;1;
africa;1;
african--the;1;
after-quiet--the;1;
afternoon;2;
afterward;1;
again;19;
again--;6;
against;15;
age;8;
agee;1;
agencies;1;
agent;1;
ages;7;
agincourt;1;
ago;1;
agonized;1;
agree;12;
agreed;1;
agreement;19;
aground;1;
ah;16;
ah--the;1;
ahead;1;
aid;3;
aided;3;
aidful;1;
aidless;1;
aim;4;
aims;2;
air;14;
air--;2;
air9;1;
airs;2;
airy;2;
aisles;1;
ak;1;
akin;1;
alacrity;1;
alarms;1;
alas;1;
albermarle;1;
albions;1;
alcides;1;
aldie;6;
alert;1;
alexandria;1;
alien;1;
alienate;2;
alike;4;
alive;1;
all;145;
all--;2;
all-cheering;1;
all-deriding;1;
allatoonas;1;
allegiance;1;
alley;1;
allied;1;
allot;1;
allow;1;
allowed;2;
alloy;1;
alls;3;
alluding;1;
ally;1;
almost;3;
aloft;5;
alone;4;
along;17;
along--drag;1;
aloof;2;
aloofness;1;
aloud;4;
alp;1;
alps;1;
already;2;
also;9;
altar;1;
alterable;1;
alteration;2;
altered;1;
alternate;1;
alternative;1;
although;1;
alurch;1;
always;7;
am;2;
amain;2;
amaranths;1;
amazon;1;
amber;3;
ambiguous;1;
ambulance;6;
ambulance-cover;1;
ambuscade;2;
ambush;2;
ambushed;1;
america;3;
american;4;
amid;3;
amiss;1;
amity;1;
among;12;
amort;1;
ampler;1;
amplitude;2;
anarch;1;
anarchs;1;
anathema;1;
ancestor;1;
ancestral;1;
anchor;5;
anchorage;1;
anchored;1;
anchored--sheathed;1;
ancient;7;
ancients;1;
and--eager;1;
and--last--the;1;
and--more--is;1;
and--yes--the;1;
andersonville;2;
andrew;1;
anew;2;
angel;8;
angel10;1;
angle;2;
anglo-american;1;
angry;1;
anguish;4;
anguished;3;
animated;2;
animosity;1;
anon;3;
another--;1;
another--cool;1;
answer;2;
answered;3;
answering;2;
answers;3;
ant;1;
antarctic;1;
antedate;1;
anticipated;1;
antietam;3;
antietam-braves;1;
antietam5;1;
antietams;6;
antiquity;1;
antlered;1;
ants;1;
anvil-din;1;
anxieties;1;
anxiety;1;
anxious;4;
anywhere;2;
apart;2;
apathy;1;
aped;1;
apollo-like;1;
apoplex;1;
appall;1;
appalled;1;
apparition;1;
appeal;3;
appealings;1;
appeals;1;
appear;3;
appear--;1;
appeared;1;
appearing;2;
appears;3;
appears--;1;
applause--;1;
applicable;3;
application;2;
applied;1;
apply;1;
appomattox;2;
approach;1;
approve;1;
approving;1;
april;10;
apt;5;
aptness;1;
arch;2;
arch-fiend;1;
archer;1;
archive;13;
archy;1;
ardent;1;
ardor;1;
ardors;1;
are--;2;
area;1;
arise;1;
aristrocratic;1;
ark;1;
arkansas;1;
arlington;1;
arm;5;
armed;7;
armies;12;
armies--;1;
armies--then;1;
armor;1;
armored;1;
armorial4;1;
arms;14;
arms--;1;
army;6;
around;5;
arrangement;1;
arras;1;
array;4;
arrayed;2;
arrest;1;
arrested;1;
arrive;1;
arrived--;1;
arsenals;2;
arson--there-and;1;
art;2;
artillery;3;
artisans;1;
arts;2;
as-is;1;
ascended;1;
ascent;1;
ascii;4;
ascribed;2;
ashby;1;
ashbys;1;
ashes;1;
ashy;1;
aside;6;
aside--;1;
ask;2;
asked;3;
aspect;2;
aspects;7;
aspire;1;
assailants;1;
assailed;2;
assailing;1;
assassin;1;
assault;2;
assaulteth;1;
assay;1;
asserted;1;
assign--;1;
assimilate;1;
assistance;1;
associated;8;
associations;1;
assumed;2;
assumes;2;
assuming;1;
assuredly;1;
astray;1;
atheist;1;
atheistical;1;
athwart;6;
atlanta;4;
atone;1;
atoning;1;
atrocities;1;
attached;1;
attack;1;
attained;1;
attains;1;
attended;1;
attending;2;
attest;2;
attested;1;
attire;1;
attitude;1;
attributed;1;
audacious;1;
aught;2;
august;2;
aunt;1;
aunts;1;
aurora-borealis;1;
austere;1;
author;1;
authorities;1;
authority;2;
authorized;1;
authors;1;
autumn;2;
autumn-wood;1;
available;3;
availed;1;
avails;1;
ave;1;
avenged;1;
avenger;2;
avenging;1;
averted;1;
avoid;1;
await;2;
away--you;1;
awe;1;
awe--;1;
awed;1;
awful;1;
awhile;1;
axes;1;
ay;15;
ay--or;1;
ay--youre;1;
babylons;1;
bacchic;1;
back;28;
backbone;1;
backward;1;
backwkard;1;
bad;3;
badge;1;
baffingly;1;
baffle;1;
baffled;1;
bafflement;1;
bags;1;
balconies;2;
bald-headed;1;
baldy;1;
baleful;1;
balefully;1;
balked;1;
ball;5;
balloon;1;
balls;2;
balm;3;
balm-lands;1;
balms;1;
ban;1;
band;6;
band--those;1;
bandage;1;
bandied;1;
bands;2;
banister--;1;
bank;1;
banks;2;
banner;3;
bannered;2;
banners;6;
bar;4;
barbaric;1;
barbarities;1;
bard;1;
bards;2;
bare;7;
bare--;2;
bared;1;
barehead;1;
barge;1;
bark;3;
barn;1;
barnet;1;
barns;1;
barracks;1;
barren;3;
barrenly;1;
barriers;1;
bars;1;
base;2;
base--;1;
base-ball;1;
based;8;
baselessness;1;
baseness;1;
basis;1;
bastion;1;
bated;2;
bathes;1;
baton;1;
batter--;1;
battered;5;
batteries;4;
battery;2;
battle;16;
battle-field;1;
battle-fields;1;
battle-flags;1;
battle-flags--;2;
battle-ground;1;
battle-hour;1;
battle-pieces;6;
battle-smoked;1;
battled;1;
battles;10;
bay;9;
bayonet;2;
bayonets;3;
be--;1;
beach;2;
beacon;2;
beaks--and;1;
beam;4;
beamed;1;
bear;9;
beard;4;
beards;1;
bearing;2;
bears;1;
beast;2;
beat;8;
beating;1;
beats;1;
beauty;6;
became;1;
because;6;
becharmed;2;
becharms;1;
beckons;1;
become;2;
becomes;1;
bed;4;
beds;3;
bee;1;
beech;1;
beechen;1;
beeches;1;
been;31;
beetling;1;
befall;1;
befell;1;
befit;1;
beflowered--between;1;
before--;2;
befriended;1;
began;5;
begar;1;
begat;1;
begging;1;
beginning;2;
begins;1;
beguile;1;
beguiled;1;
begun;1;
behalf;2;
beheld;2;
behest;1;
behind;9;
beholdest;1;
being;12;
belated;1;
belaureled;1;
beleaguerers;1;
belials;1;
belief;2;
believe;1;
believed;2;
belisent;1;
bell--toll;1;
bells;1;
belonged;1;
belongs--;1;
beloved;1;
below;11;
below--;3;
belt;1;
bemoan;1;
benches;1;
beneath;6;
benefit;1;
benefited;1;
benevolence;2;
benevolent;1;
benign;1;
benignity;1;
bent;4;
bereavement;1;
bereft;2;
berenices;1;
berries;1;
berrying;1;
beset;3;
beside;4;
best;9;
bestarred;1;
bestow;1;
bestrode;1;
bethink;2;
betide;1;
betray;2;
betrayed;1;
better;4;
bettered--will;1;
between;11;
bewailed;1;
beware;3;
beyond;8;
bickering;1;
bid;1;
bide;3;
bides;1;
bids;2;
bier;1;
big;2;
billows;5;
bin;1;
binary;1;
bind;1;
binds;1;
biographies;1;
bird;3;
birds;7;
birth;3;
biscuit;1;
bit;2;
bite;1;
bites;1;
bitten;1;
bitter;3;
bitter-sweets;1;
bitterer;1;
bitterly;2;
bitterness;5;
bivouac;1;
bivouacked;1;
blab--why;1;
black;15;
black-eyed;1;
blacked;1;
blackened;2;
blacks;4;
blacks--should;1;
blacksmiths;1;
blade;5;
bladed;1;
blades;2;
blakes;1;
blame;1;
bland;1;
blandness;1;
blanketed;1;
blankets;2;
blankness;1;
blast;3;
blasted;1;
blastful;1;
blastment;2;
blaze;3;
blazing;1;
blazoned;1;
bled;3;
bleed;1;
bleeding;2;
bleeds;1;
blend;2;
blended;1;
blent;1;
bless;4;
blessed;2;
blessedness;1;
blessing;1;
blessings;2;
blew;2;
blew--;1;
blight;1;
blind;1;
blinding;2;
blindly;1;
blindness;2;
blinking;1;
blissful;1;
blithe;3;
blood;13;
blood--;2;
blood-drops;1;
bloodshed;1;
bloody;3;
bloom;3;
bloomed;1;
blooming;1;
blossoms;1;
blow;4;
blows;2;
blue;10;
blue--;1;
blue--the;1;
blue-coats;2;
blue12;1;
bluebirds;2;
blueness;1;
blues;1;
bluff;2;
bluffs;3;
blur;1;
blurted;1;
board;2;
boat;3;
boat-loads;1;
boats;5;
body;3;
boiled;1;
boiler;1;
bold;9;
boldly;3;
bolt;1;
bombardment;1;
bond;1;
bondage;1;
bonds;3;
bone;3;
bones;4;
bonetas;1;
bony;1;
book;2;
books;1;
boom;1;
boom-chain;1;
booming;1;
boots;1;
border;1;
bore;11;
bore--;1;
born;1;
borne;5;
borrowed;1;
both;15;
bottles;1;
bough--take;1;
boughs;5;
bound;5;
bounding;1;
bounty;1;
bout;1;
bow;1;
bowed;2;
bower--;1;
bowers;1;
bowl--;1;
bows;1;
bowsprit;1;
boy;3;
boy--;1;
boyish;3;
boys;12;
brain;3;
brain--a;1;
brakes;1;
bran;1;
brand;2;
brand-like;1;
brass;2;
brave;35;
braved;3;
bravely;1;
bravery;3;
braves;3;
braves--;1;
braving;1;
brazilian;1;
breach;2;
bread;1;
breadth;1;
break;2;
breaking;4;
breaks;4;
breast;3;
breast--;1;
breast-works;1;
breasting;1;
breasts;1;
breath;4;
breath--;1;
breathed;2;
breathes;2;
breathing;1;
breathless;1;
breckenridge;1;
bred;1;
bred--;1;
breed;1;
breeds;1;
breeze;1;
breezy;1;
brewed;1;
bride;4;
bridegroom;2;
bridge;1;
bridges;1;
brief;5;
briefly;3;
brigade;1;
bright;5;
bright-black;1;
brightened;1;
brightly;1;
brilliant;1;
bring;10;
bring--heed;1;
bringing;1;
brings;2;
brink;1;
brisk;1;
broad;9;
broadened;1;
broadly;1;
broadside;1;
broadsides;2;
broidered;2;
broke;5;
broke--;1;
broken;3;
bronzed;1;
brood;5;
brooding;2;
broodingly;1;
broods;1;
brook;2;
brother;6;
brotherhood;2;
brothers;4;
brought;7;
brow;8;
brown;7;
bruise;1;
bruise--;1;
brunt;1;
brush;3;
brushed;1;
bubbling;2;
buck-shot;1;
bugle;3;
bugler;1;
buglers;1;
bugles;2;
build;2;
built;3;
bulk;1;
bulky;1;
bull;1;
bullet;2;
bullet-dents;1;
bullet-holes;1;
bulletin;2;
bulletin-board;3;
bullets;1;
bulwarks;1;
bumble-bee;1;
bun;1;
bunker;1;
buoys;1;
burden;2;
burial;1;
burial-ground;1;
buried;3;
burn;1;
burned;1;
burneth;1;
burning;7;
burns;1;
burnt;2;
burst;8;
bursting;2;
bursts;1;
bushes;1;
business;1;
business@pglaforg;1;
busy;2;
but--any;1;
but--now;1;
butternuts;1;
buttons;1;
by-and-by--;1;
by-gone;1;
by-stander;1;
caduceus;1;
caesar;1;
caesars;1;
cage;1;
cain;2;
cajoled;1;
calamity;1;
calculate;1;
calculated;2;
calculations;1;
call;11;
call--;3;
called;8;
calling;1;
calling--;1;
callous;1;
calls;4;
calls--;1;
calm;15;
calm--;2;
calmness;1;
caloric;1;
calvins;1;
came;21;
came--;3;
came--had;1;
came--heres;1;
camp;11;
camp--;1;
campaign;1;
campaigners;1;
campaigns;2;
camped;1;
campings;1;
camps;5;
camps--come;1;
can;62;
candlelight;1;
candor;1;
cane;2;
canister;1;
cannon;8;
cannon-ball;1;
cannoneer;1;
cannons;1;
cannot;4;
cant;2;
canteen;2;
cantered;1;
canticle;1;
cap;4;
cap--;1;
cape-of-storms;1;
capital;1;
capitol;2;
capitol--a;1;
capitol24;1;
caprice;1;
caps;1;
captain;11;
captains;3;
captive;2;
captives;3;
captors;1;
capture;1;
captured;5;
capturing;1;
caravan;1;
carbines;1;
card;1;
cardinal;1;
care;13;
cared;4;
careless;1;
cares;2;
caricole;1;
carolinas;2;
caroling;1;
carolinians;1;
carried;2;
carry;2;
cartridge;1;
carved;2;
case;1;
cast;7;
castaway;1;
castle;1;
castled;1;
cataracts;1;
catch;2;
catching;2;
catos;1;
cattle-pen;1;
caught;5;
cause;18;
cause--;1;
causes;1;
cavalcade;1;
cavalry;9;
cavalry-camp;1;
cavalry-jackets;1;
cavalrymen;1;
caves;1;
caw;2;
cease;1;
ceased;3;
cedar;1;
cedarn;2;
cellini;1;
cemeteries;1;
cemetery;3;
censorious;1;
censoriousness;1;
censors;1;
center;1;
centre-van;1;
century;1;
certain;9;
certes;1;
cessation;1;
chafe;1;
chaffing;1;
chafing;1;
chained;1;
challenge;4;
challenges;1;
champing;1;
champions;2;
chance;1;
chanced;1;
chancellorsville;1;
change;2;
changed;2;
changeful;1;
changeless;1;
channel;1;
channels;1;
chapel;2;
chapel-door--;1;
chapel-pews;1;
chaplain;2;
char--;1;
character;5;
characteristic;1;
characterized;1;
charge;21;
charge22;1;
chargeable;1;
charged;6;
charged--;1;
charged--mcclellans;1;
charges;1;
charging;1;
charitable;2;
charities;1;
charity;2;
charles;1;
charleston;2;
charm;5;
charmed;2;
charmed--;1;
charms;1;
charnel-fields;1;
charred;2;
chary;1;
chase;1;
chased;1;
chasing;1;
chasm;1;
chastened;1;
chat;1;
chattanooga;2;
chatting;2;
cheat;1;
check;4;
checked;4;
checks;1;
cheek;1;
cheeks;1;
cheer;13;
cheer--;3;
cheered;2;
cheerful;1;
cheering;4;
cheers;5;
cheery;3;
cherish;1;
cherished;1;
cherishing;2;
cherub;1;
chest;1;
chestnuts--better;1;
chestnutting;1;
chests;1;
chew;1;
chickamauga;3;
chickamaugas;1;
chickasaw;1;
chief;4;
chief--;1;
chiefs;2;
chieftains--writings;1;
child;5;
childhoods;1;
childish;1;
children;4;
childrens;1;
chill;2;
chilly;1;
chimneys;2;
choice;2;
choke;1;
choked;2;
choose;2;
chorus;1;
christ;2;
christendom;1;
christian;3;
christians;2;
christmas;1;
christs;1;
church;3;
church-pennons;1;
cigar;1;
cigar--;1;
cinders;1;
cindery;1;
circe;1;
circumstance;3;
circumstances;2;
cited;1;
cities;1;
citizen;1;
city;13;
civil;11;
civilians;2;
civility;1;
civilized;1;
clad;1;
claim;5;
claimed;1;
claims;2;
clammy;1;
clan;4;
clandestine;1;
clangor;2;
clansmen;1;
clapboards;1;
clarion;1;
clasp;2;
clasped;1;
class;2;
classes;2;
claw;1;
clay;1;
clean;1;
clear;8;
clear-cut;1;
cleared;1;
clearly;1;
cleaved;1;
cleft;1;
clemency;1;
clenched;1;
cliff;1;
cliff-side;1;
cliffs;3;
climaxed;1;
climbed;2;
climbing;2;
clime;2;
climes;1;
clinch;1;
cling;2;
cling--;1;
clinging;1;
clinked;1;
clinkers;1;
clip;1;
cloak;1;
clog;1;
cloistered;2;
cloisters;1;
close;15;
closed;5;
closer;1;
closes;2;
closet;1;
closing;4;
clot;1;
clothed;1;
clothing;1;
cloud;7;
clouded;2;
clouds;10;
clouted;1;
clover;2;
cloy;1;
clung;2;
cluster;1;
co-existence;1;
coal-black;3;
coals;1;
coat;2;
coat-sleeve;1;
coats;3;
coaxed;1;
cock;1;
cockatrice;1;
cocked--kept;1;
cocks;1;
code;1;
codes;1;
coffee;1;
coffee--no--cracker--one;1;
coffin;1;
cogently;1;
cold;12;
coldly;4;
collection;5;
collective;1;
collectively;1;
college;1;
colleges;1;
collegians20;1;
colonel;16;
colonel--did;1;
colonels;1;
color--your;1;
color-bearer;1;
color-bearers;5;
colors;3;
columns;4;
come;37;
come--;3;
come--mosby--tell;1;
comes;17;
comes--;1;
comets;1;
comforted;1;
coming;7;
coming--the;1;
command;5;
commanded;2;
commander;4;
commanders;1;
commanding;2;
commemorated;2;
commemorative;3;
commends;1;
commercial;1;
commiseration;1;
committed;2;
committee;2;
commnder;1;
commodore;2;
commodores;1;
common;1;
commons;1;
commonwealth;1;
commonwealths;1;
communities;2;
community;1;
companion;2;
compare;1;
compiles;1;
complain;1;
complete;1;
complete--;1;
completeness;1;
completion;2;
compliance;5;
complicated;1;
compliments;1;
comply;6;
complying;3;
composed;2;
comprehension;1;
compressed;3;
comprise;1;
comrade;1;
comrades;8;
concentrated;1;
concept;2;
concerned;4;
concerned--that;1;
concerning;2;
concert;1;
conciliating;1;
conclusion;1;
condemnation;1;
condensed;1;
cones;1;
confederacy;1;
confederate;2;
confederates;1;
conferred;1;
confess;1;
confessed;1;
confidence;3;
confine;1;
confirm;2;
confirmation;1;
confirmed;1;
confirms;2;
conflict;5;
conflict--making;1;
conflicting;1;
confluence;1;
confounded;2;
confronted;1;
confuted;1;
congeal;1;
congregated;1;
congress;5;
congressional;1;
congressionally;1;
congressman;1;
conquered;1;
conquering;1;
conqueror;1;
conquerors;1;
conscientious;1;
consciousness;1;
consecrated;1;
consequences;1;
consequential;1;
consequenty;1;
considerable;2;
considerate;2;
consideration;3;
considering;2;
consistency;1;
conspicuous;1;
conspirators;1;
constables;1;
constant;1;
constantinople;1;
constitute;1;
constitution;1;
constitutional;1;
constrained;1;
construed;1;
contact;4;
contain;2;
containing;2;
contemned;1;
contend;2;
contends--;1;
content;3;
contest;3;
continent;1;
continued;1;
continuing;1;
contortion;1;
contract;1;
contrast;4;
contrasted;1;
contravention;1;
contributed;2;
contributing;1;
contributions;2;
contrition;1;
contrived;1;
converge;1;
converging;1;
conversely;1;
convert;3;
conveys;1;
convictions;1;
convictions1;1;
convulsion;2;
convulsions;1;
cook;2;
cool;3;
cooperhead;1;
cope;2;
copied;2;
copies;7;
copperhead;1;
copy;13;
copying;4;
coral-moss;1;
cordial;1;
core;4;
corn--;1;
corner;1;
corner-stone;1;
corporal;4;
corporation;1;
corps;1;
corpse;1;
corpses;1;
corrected;1;
correspondences;1;
corresponding;2;
corroborating;1;
corrupt;1;
corse;1;
cost;5;
costs;2;
cot;2;
coughed;1;
could;32;
council;1;
counsel;1;
count;1;
countercharge;1;
countermand;1;
counties;1;
counting;1;
countries;2;
country;16;
countrymen;3;
countrys;4;
courage;7;
courier;1;
couriers;1;
course;4;
court;1;
court-house;1;
court-houses;1;
courtiers;1;
cousin--o;1;
cousins;1;
cover;3;
cover--;1;
covered;1;
covert;1;
covert--find;1;
cow;1;
cowed;1;
cows;1;
crack;2;
crackle;1;
craft;4;
crag;3;
crags;1;
crammed;1;
cramped;2;
crank;1;
craped--;1;
crashed;1;
crashed--crashed;1;
crashing;2;
crater;2;
craven;1;
crawl;2;
crawl--;1;
crazy;2;
cream;1;
created;2;
creating;4;
creation;1;
creatures;1;
credit;1;
creed;3;
creek;2;
creeks;1;
creep;4;
creeping;2;
cresset;1;
crest;3;
crew;7;
crews;3;
cribbed;1;
cried;7;
cried--;1;
cries;2;
crime;7;
crimson;2;
cringed;1;
crippled;3;
cripples;1;
critical;1;
criticism;1;
croaker;1;
crookd;1;
cropped;1;
cross;4;
cross-road;1;
cross-roads;1;
crossed;4;
crossing;3;
crouching;2;
crowd;3;
crowd--;1;
crowding;1;
crowds;1;
crowed;1;
crown;3;
crowned;1;
crowning;1;
crowns;2;
crows;2;
cruel;3;
cruise;1;
crumbling;1;
crunching;1;
crushing;1;
crusoes;1;
crust--;1;
crutch;3;
cry;2;
cuddled-up;1;
culpepper;2;
culture;1;
cumberland;14;
cumberlands;2;
cunning;2;
cunning--monstrous;1;
cup;3;
curb;1;
cure;1;
curious;2;
curiously;1;
current;2;
currents;1;
cursd;1;
curse;4;
cursed;1;
curses;1;
curved;1;
curving;2;
cushings;1;
cut;4;
cyclones;1;
cymbal;1;
cymbal-crash;1;
cynic;1;
cynics;1;
cypress;5;
cypress-moss;1;
cypresses;1;
daggers;1;
dagon;2;
dallyings;1;
damage;3;
damaged;2;
damages;4;
damasked;1;
dame;1;
damned--;1;
damp;3;
dan;1;
dance;6;
dancing;1;
dangling;1;
daniel;1;
danked;1;
dare;6;
dared;1;
darest;1;
daring;5;
dark;12;
dark--the;1;
dark-room;1;
darkening;1;
darker;1;
darkey;1;
darkness;2;
dart;2;
darting;1;
dash;2;
dashed;2;
data;1;
date;7;
daunted;1;
david;2;
dawn;6;
dawning;3;
dawning--;1;
dawns;1;
day;35;
day-fights;1;
days;24;
days--;1;
dazes--a;1;
dead;26;
dead--;2;
dead--and;1;
dead-mans-hand;1;
deadlier;5;
deadly;3;
deal;1;
deals;1;
dear;4;
dear--;1;
dearth;1;
death;27;
death--;1;
death-list;1;
deathful;1;
deaths;3;
debarked;1;
debarred;1;
debate;2;
decay;2;
decayed;1;
deceit;1;
deceive;1;
deceived;1;
deceived--an;1;
december;2;
decency;1;
deceptive;2;
decided;1;
deck;2;
decks;6;
declare;1;
decree;5;
decreeing;1;
dedicate;1;
dedicated;1;
deductible;1;
deed;5;
deed--;1;
deeds;8;
deem;3;
deemed;4;
deep;24;
deep--;1;
deep-gorged;1;
deepening;1;
deeper;2;
deeply;2;
deeps;1;
deer;1;
defeat;7;
defect;3;
defective;3;
defects;1;
defense;1;
defenseless;1;
deferred;1;
defiant;2;
defiantly;1;
defiles;1;
deformed;1;
degradation;1;
degrees;1;
dejection;1;
delay;2;
delays;1;
deletions;1;
deliberate;1;
delightsome;1;
deliverance;1;
dell;1;
dell--;1;
deluding;1;
demand;2;
demanded;1;
demands;1;
democracy;1;
democratic;1;
demon-cloud;1;
demur;1;
demurring;1;
den;9;
denial;1;
denouncing;1;
dense;2;
denser;1;
denunciations;1;
deny;1;
denying;1;
departed;1;
depends;2;
deplorable;1;
deplorably;1;
deplore;1;
deplore--;1;
deprived;1;
depth;3;
derange;1;
derision;1;
derivative;3;
derive;1;
derived;1;
descend;1;
described;1;
desert;2;
deserted;1;
deserter;1;
designation;1;
designed;2;
designing;1;
desirableness;1;
desires;2;
desolate;1;
desolation;1;
desolted;1;
despair;3;
despairing;1;
despairing--;1;
desparate;1;
desperate;1;
desperateness;1;
despite;1;
destiny;1;
destroy;2;
destroyed;1;
destroying;1;
destruction;1;
destructive;1;
detach;1;
detail;1;
detain;2;
deter;2;
determine;1;
developed;1;
devil;1;
devoir;1;
devotedly;1;
devotion;3;
devout;1;
dew;3;
dexterous;1;
diamond-cutting-diamond;1;
did;21;
die;8;
died;16;
died--;1;
dies;4;
difference;1;
differences;1;
different;3;
difficulties;2;
digestion;1;
diggers;1;
digit;1;
digits;1;
dilated;1;
dilation;1;
dim;14;
dim--;1;
dimly;2;
dimmed;1;
din;4;
dingy;1;
dinnd;1;
dip;1;
direct;1;
directly;3;
director;1;
directories;1;
directory;1;
direful;1;
dirge;1;
dirges;2;
dis;1;
disappear;1;
disarm;3;
disarray--;1;
disaster;3;
disastrously;1;
disbanding--;1;
disbands;1;
discarded;1;
disciple;1;
discipline;1;
disciplined;1;
disclaim;1;
disclaimed;1;
disclaimer;3;
disclaimers;1;
discomfiture;1;
discontent;1;
discontinue;1;
discover;1;
discovered;1;
discreet;2;
disdain;4;
disease;1;
disgorged;1;
disheartened;1;
dishonorable;1;
disinter;1;
disinterestedness;1;
disk;1;
dislodged;1;
dislodgments;1;
dismal;1;
dismantle;1;
dismantled;1;
dismast;1;
dismissed;1;
dismsounted;1;
disown;1;
disown--;1;
disowns;1;
disparagement;1;
disparaging;1;
dispatch;2;
displacement;1;
display;2;
displayed;3;
displaying;4;
disrespect;1;
dissolution;1;
dissolve;1;
distant;2;
distilled;1;
distinct;2;
distribute;6;
distributed;4;
distributing;7;
distribution;6;
distributor;1;
distrust;2;
disturbed;1;
ditty;1;
ditty--prepare;1;
diversion;1;
divide--;1;
divided;2;
divine;4;
divines;1;
diving-bell;1;
divisions;1;
dizzy;1;
do;51;
doc;1;
doers;2;
does;7;
dog;2;
dole;2;
dolphins;1;
domain;9;
dome;6;
dome--hazy--sublime--;1;
dome--no;1;
domestic;2;
dominant;1;
dominion;1;
donate;3;
donation;1;
donations;15;
done;15;
done--;2;
donelson;20;
donelson--;1;
donors;1;
dont;4;
doom;10;
doomed;1;
dooms;1;
door;2;
doors;1;
dost;4;
doting;1;
dots;1;
dotting;1;
double--luckless;1;
double-columned;1;
double-guarded;1;
doubt;9;
doubt--was;1;
doubtless;3;
doubts;2;
dover;1;
down;36;
down--;5;
down--though;1;
downfall;1;
download;2;
downloading;1;
downward;1;
dozen;1;
dr;2;
draco;1;
draft-rioters;1;
drag;3;
dragged;3;
dram;1;
dramatic;1;
dramatically;1;
draping;1;
draw;4;
drawing;1;
drawn;1;
draws;1;
dread;6;
dream;10;
dreamed;1;
dreamer;1;
dreamers;1;
dreaming;1;
dreams;3;
dreamy;1;
drear;3;
dreary;1;
dress;2;
drew;3;
drift;2;
drifted;1;
drifts;2;
drilled;1;
drink;1;
drinking;1;
drive;2;
driven;3;
driver;1;
drives;1;
drives--;1;
driving;2;
drop;4;
drop23;1;
dropped;5;
dropped--;1;
dropping;2;
drops;3;
drought;1;
drouth;1;
drove;1;
drowned;2;
drowning;1;
drowsily;1;
drudged;1;
druid-dream;1;
drum;4;
drummer-boy;1;
drumming;1;
drums;5;
dry;2;
dubious;1;
dubious--ere;1;
due;6;
duel;1;
duels;4;
dug;1;
dull;2;
dully;1;
duly;2;
dumb;4;
dun;5;
duponts;1;
during;7;
dusk;1;
dusky;2;
dust;6;
duty;12;
dve;1;
dwarf;1;
dwell;4;
dwells;1;
dwindle;1;
dying;5;
dynasty;1;
e;2;
e-mail;1;
eager;5;
eagerly;1;
eagle;4;
eagles;4;
earlier;2;
early;5;
earn;1;
earnest;7;
earnestness;1;
earns;3;
earth;3;
earth-shakers;1;
earth-works;2;
earths;1;
ease;5;
easeful;1;
easily;1;
east;1;
easter;1;
eastern;1;
easy;3;
eat;1;
eaten;1;
eb;1;
ebb;2;
eblis--;1;
ebooks;14;
echoed;1;
echoes;1;
echoing;1;
eclipse;2;
eclipsed;1;
eddies;1;
edge;4;
edition;1;
editions;5;
educated;1;
educational;1;
edward;1;
eerie;1;
effected;1;
effective;2;
effects;1;
effort;2;
efforts;3;
effulgence;1;
egg;1;
eh;2;
ein;1;
either;3;
elastic;1;
elate;4;
elation;2;
elders;1;
elect;2;
elected;1;
electric;1;
electronic;27;
electronically;2;
elegies;1;
elementally;1;
elements;1;
eleven;1;
elfin;2;
eligible;1;
elm;1;
elms;2;
elope;1;
else;4;
else--north;1;
email;3;
emancipation;2;
embattlement;1;
embayed;1;
embers;1;
emblazonment;1;
emblem;1;
emerged;2;
emotion;2;
empire;3;
employed;2;
employee;1;
employees;2;
empoyed;1;
emptied;1;
empty;1;
emulous;1;
enacted;2;
enchased;1;
encoding;1;
encountered;1;
encounters;1;
encourage;1;
end;22;
end--;1;
ended;4;
ended--quelled;1;
ending;4;
endless;2;
ends;2;
endued;1;
endues;1;
endure;4;
endure--;1;
endured;1;
enduring;1;
enemies;1;
enemy;9;
enemys;4;
energetic;1;
enforce;1;
enforced;1;
enforcing;1;
engagement;2;
engaging;1;
engineer;1;
england;1;
english;4;
englishman;1;
engrossed;1;
engrossed--;1;
enhancings;1;
enjoined;1;
enlarge;1;
enlarged;1;
enlightened;1;
enlisted;1;
enough;3;
enrolled;1;
ensign;1;
ensuring;1;
entangled;2;
enter;1;
enterprising;1;
entertain;1;
entertained;1;
enthralls;1;
enthusiasm;4;
enthusiast;1;
enthusiasts;2;
entice;1;
entire;2;
entity;3;
entrance;1;
entrapped;1;
envied;1;
environment;1;
envoys;1;
enwrapped;1;
episode;1;
epitaph;1;
epithets;1;
equally;3;
equals;1;
equipment;3;
equivalent;1;
ere;19;
erebus;1;
erect;1;
erecting;1;
ermine--;1;
error;2;
errors;1;
erst;2;
eruption;1;
escaped;1;
escheat;1;
escort;3;
especially;3;
essay;1;
essence;1;
essentially;1;
essex;1;
estate--;1;
etext;5;
ethereal;1;
ettrick;1;
eulogize;1;
europe;1;
europes;1;
evacuation;1;
eve;5;
eve--;1;
even;28;
evened;1;
evening;1;
evening-bugle;1;
evening-gun;1;
event;5;
events;5;
events--;1;
eventual;1;
ever;11;
evergreens;1;
every;44;
evidently;1;
evil;7;
evil-willed;1;
evils;3;
evolving;1;
exactly;1;
exaltation;1;
example;1;
examples;1;
exceeding;1;
excellent;1;
except;10;
exceptional;1;
exceptions;1;
excesses;1;
exchange;1;
exchanged;1;
excitement;3;
exclaimed;1;
exclude;1;
excluded;1;
excludes;1;
exclusion;1;
exclusively;2;
executive;1;
exempt;2;
exercises;1;
exhibition;2;
existence;1;
exists;1;
expand;1;
expectancy;1;
expectations;2;
expedient;1;
expeditions;1;
expend;1;
expense;1;
expenses;2;
experience;2;
experienced;1;
explanation;3;
exploits;1;
exporting;1;
exposed;1;
express;2;
expressed;1;
expression;1;
expressive;1;
extend;2;
extending;1;
extent;2;
extenuate;1;
exterminating;1;
extreme;1;
exultation;2;
exulting;2;
exultleth;1;
eye;14;
eye--;2;
eyes;19;
eyes--;1;
eying;1;
f3;1;
fable;1;
fabled;1;
face;17;
face--;1;
faces;7;
faces--true;1;
faces--white;1;
facility;1;
facing;1;
facts;1;
fade;3;
faded;1;
fagged;1;
fail;1;
failure;1;
fain;3;
fainting;1;
faintly;1;
fair;8;
fair--;1;
fairbanks;1;
fairest;1;
fairfaxs;1;
fairly;1;
fairy;1;
faith;11;
faithful;3;
fall;18;
fallen;4;
falls;3;
false;2;
faltered;1;
fame;22;
famed;1;
familiar;2;
families;1;
family;3;
family-pride;1;
famine;3;
famous;1;
fan;1;
fane;1;
fanes;1;
fans;2;
far;33;
far-drawn;1;
fare;1;
fared;2;
farm;1;
farm--;1;
farm-lands--;1;
farmer--woodman--refugee--;1;
farragut;1;
farraguts;1;
farther;8;
fascinated;1;
fast;3;
fast--;1;
fastidiously;1;
fastness;1;
fat;1;
fatalist;1;
fate;11;
fated;2;
fates;2;
father;2;
fatherless;1;
fathers;3;
fault;1;
favorable;1;
favored;1;
favoring;1;
favorite;1;
fear;9;
fear-bound;1;
fearful;2;
fearless;2;
fears;1;
feasible;1;
feast;1;
feather;1;
feature;1;
february;2;
fed;3;
federal;3;
feds--take;1;
fee;8;
feebly;1;
feed;2;
feeding;1;
feel;18;
feeling;9;
feelings;3;
feels;6;
fees;4;
feet;7;
feigns;1;
feint--i;1;
feint--well;1;
feints;1;
fell;16;
fell--;1;
fell--victorious;1;
felled;2;
fellow;1;
fellow-man;1;
fellow-men;2;
fellow-whites;1;
fellows;5;
fellowship;1;
felt;15;
fen;1;
fervor;1;
festal;1;
festoons;1;
fetch;1;
feud;2;
feudal;1;
fever;1;
feverish;1;
few;12;
fibre;1;
fidelity;4;
fie;1;
field;16;
field-hospital;1;
field-mouse;1;
field-works;1;
fields;8;
fierce;7;
fiercest;1;
fiery;1;
fife;1;
fifes;1;
fig;1;
fight;42;
fight--clutch;1;
fight8;1;
fighter;1;
fighters;2;
fighting;4;
fighting--judging;1;
fightings;1;
fights;1;
file;9;
filed;3;
filename;5;
filenames;1;
files;8;
fill;6;
filled;2;
fillet;1;
fills;1;
final;4;
finality;1;
financial;1;
find;8;
find--;2;
finds;3;
fine;4;
finger;1;
finger--tennesseeans;1;
finny;1;
fire;20;
fire--dashes;1;
fire-flies;1;
fire-rafts;1;
fired;7;
fires;8;
fires--;1;
fires--a;1;
firing;2;
firm;2;
firmamental;1;
firmly;3;
first;22;
fish;1;
fissure;1;
fit;2;
fitfully;2;
fitly;1;
fitness;1;
fits;1;
fitting;1;
five;4;
fix;1;
fixed;6;
flag;19;
flag-ship;3;
flag-staff;3;
flagging;1;
flags;10;
flails;1;
flame;13;
flamed;1;
flames;5;
flaming;1;
flankers;2;
flanking;1;
flapped;2;
flare;1;
flares;1;
flaring;1;
flash;2;
flashed;2;
flashing;2;
flask;4;
flat;1;
fled;7;
flee;1;
fleet;17;
fleet--;2;
fleet2;1;
fleets;6;
flew;2;
flicker;1;
flies;1;
flight;4;
fling;7;
flings;2;
flit;1;
flitting;2;
float;1;
floats;1;
flock;1;
flocks;1;
flood;5;
flooded;1;
floods;2;
floor;1;
floundered;1;
floundering;1;
flow;1;
flower;1;
flower-pot;1;
flowering;1;
flowers;1;
flowing;2;
flown;1;
flown--;1;
flows;1;
fluctuations;1;
flung;2;
flush;1;
flushed;5;
fly;6;
flying;5;
foam;1;
foam-flake;1;
foamy;1;
foe;11;
foe--;3;
foeman;3;
foemans;3;
foemen;3;
foes;5;
foggy;1;
foiled;1;
fold;2;
folded;1;
folds;1;
foliaged;1;
follow;5;
followed;13;
followers;2;
following;6;
follows;4;
fond;1;
fool;1;
foolish;1;
fools;1;
foot-board;1;
foot-sore;1;
footfalls;1;
footing;1;
footnotes;1;
for;236;
foragers;2;
foraging;1;
foragings;1;
forbear;2;
forbearance;2;
force;2;
forced;2;
forces;3;
ford;3;
fordooming;1;
fore-front;1;
foreboding;2;
forecast;1;
forecasteth;1;
foreclosures;1;
foredoomed;2;
forefeeling;1;
forefelt;1;
foregoing;1;
forehead;2;
foreheads;2;
foreign;1;
foreigners;1;
foreland;1;
forelands;1;
foremost;1;
forerunning;1;
foresaw;2;
foresees;1;
forest;9;
forest-fence;1;
forest-field;1;
foresters;1;
forests;3;
foretell;3;
forever;7;
forewarning;1;
forfeit;1;
forged;1;
forget;4;
forging;1;
forgiver;1;
forgiver--;1;
forgot;1;
forgotten;1;
forks;1;
form;9;
formal;2;
format;4;
formats;3;
formed;1;
former;3;
formerly;1;
forming;1;
forsooth;1;
forswore;1;
fort;13;
forth;17;
fortified;3;
fortitude;3;
fortress;1;
forts;8;
fortunate;1;
fortune;4;
fortunes;3;
forty-five;1;
forward;1;
fought;12;
fought--;2;
foul;2;
foulest;1;
foully;1;
found;15;
foundation;23;
foundations;4;
founder;1;
foundering;1;
founders;1;
founding;1;
four;5;
fours;1;
fourth--;1;
foxes;1;
frame;2;
france;2;
frank;1;
frankly;2;
fraticidal;1;
fraught;2;
fray;8;
fray--;2;
frayed;1;
frays;1;
fredericksburg;1;
free;20;
free--;1;
free--seems;1;
freed;1;
freedom;2;
freedoms;1;
freely;11;
freemen;1;
freeze;1;
freights;1;
french;1;
frenzy;1;
frequent;2;
fresh;3;
freshet;1;
freshet-flood;1;
freshets;1;
fret;1;
friday;3;
fridays;1;
friend;2;
friend--even;1;
friendly;5;
friends;3;
friends--;1;
friendship;1;
frigate;1;
frigates;2;
fright;3;
fro;1;
frogs;1;
froissart;1;
frolic;3;
from;170;
front;9;
front--a;1;
frontier;1;
fronting;3;
frost;1;
frost--;1;
froth;1;
froward;1;
frowzy;1;
froze;1;
frozen;3;
fruit;2;
fulfill;3;
fulfilled;1;
fulfillment;3;
full;28;
full-sailed;1;
fullness;2;
fun;1;
funeral;1;
funerals;1;
furious;4;
furiously;1;
furnace;2;
further;3;
furtherance;1;
fury;3;
future;11;
futures;2;
gable;1;
gain;3;
gained;3;
gainess;1;
gaining;1;
gainst;4;
gal;1;
gale;1;
gales;4;
gall;1;
gallant;1;
galling;1;
gallop;2;
gallows-bough;1;
game;1;
gamed;1;
gap;3;
garb--;1;
garden;1;
gardens;2;
garments;1;
garniture;1;
garry;1;
gashed;1;
gasped;1;
gate;3;
gate--;1;
gate-stones;1;
gates;1;
gather;1;
gaud;1;
gaunt;2;
gauntlet;1;
gave;4;
gay;5;
gayly;1;
gaze;6;
gaze--;1;
gazed;2;
gazing;2;
gbnewby@pglaforg;1;
gem;1;
general;12;
generally;1;
generals;3;
generation;1;
generations;4;
generosity;1;
generous;1;
generously;1;
genial;1;
genius;2;
gentle;1;
gentleman;1;
gentlemen;1;
gentlemens;1;
gentleness;1;
gentler;1;
gentlest;1;
geographical;1;
geometric;1;
george;1;
georges;1;
georgia;2;
georgia21;1;
georgian;1;
georgians;1;
gesture;1;
get;1;
getting;2;
gettysburg;3;
ghastly;2;
ghibellines;1;
ghost;3;
ghostly;1;
ghosts;7;
giant;2;
giants;1;
gibbers;1;
gifford;1;
gift;1;
gifts;1;
gigantic;3;
gigantical;1;
girded;1;
girl;2;
girlish;1;
girths;3;
give;15;
given;13;
given--it;1;
gives;5;
glad;14;
gladdened;1;
glade;4;
glades;4;
gladiatorial;1;
gladly;1;
gladsome;1;
glaive;1;
glaives;1;
glance;9;
glanced;1;
glances;3;
glare;8;
glared;1;
glares;1;
glaring;1;
glass;1;
glastly;1;
gleam;3;
gleam--a;1;
gleamed;1;
gleaming;1;
gleaming--;1;
glean;1;
glee;4;
glee--;1;
glen;4;
glen--;1;
glide;3;
glides;2;
glimpses;2;
glittering;1;
gloaming;1;
gloat;1;
globe;2;
gloom;10;
gloom--;2;
gloomed;3;
gloomy;2;
glorified;1;
glorious;12;
glory;9;
glory--twas;1;
glorying;2;
glow;3;
glow--;1;
glowed;2;
glum;1;
gnats;1;
go;36;
go--these;1;
go--with;1;
goals;1;
goblin-mountain;1;
goblin-snare;1;
god;15;
gods;3;
goes;8;
going;5;
gold;3;
golden;3;
goldsmiths;1;
gone;13;
gone--;1;
gone--where;1;
good;25;
good--;1;
good-by;1;
goodly;4;
gorge;1;
gorges;2;
gorgon;1;
got;2;
govern;1;
government;5;
gowns;1;
grace;2;
grace--;1;
graceful;1;
gracefully;1;
gradual;1;
graduated;1;
grain;3;
grain--;1;
grand;4;
grand--;1;
grandchildren;1;
granite;1;
grant;22;
granted;1;
grants;1;
grape;3;
grapple;1;
grasped;1;
grass;8;
grass--;2;
grass--can;1;
grassed;2;
grateful;1;
gratefully;1;
grave;15;
grave-pits;1;
grave-yard;2;
grave-yards;1;
graver;1;
graves;7;
graveward;1;
gray;4;
gray-back;1;
gray-backs;1;
graybeard;1;
grayish;1;
grays;1;
great;28;
greatness;1;
green;29;
green--;1;
green--still;1;
green-wood;1;
greet;2;
gregory;1;
grew;9;
grief;7;
grief--;1;
grieve;1;
grievous;1;
grim;6;
grim-faced;1;
grimed;2;
grimness;1;
grimy;2;
grinds;2;
grizzled;1;
groan;1;
groan--this;1;
groans;1;
groans--;1;
grooved;1;
groped;2;
groping;1;
gross;1;
grotesque;1;
ground;11;
ground--;2;
ground-nest;1;
group;2;
groves;3;
groves--;1;
grow;1;
growing;4;
growled;1;
grown;2;
grows;2;
growth;1;
growth--;1;
grudge;1;
grudges;1;
guaranteed;1;
guard;7;
guard-fires;1;
guarded;1;
guardianship;1;
guards;2;
guelphs;1;
guerrillas;1;
guess;1;
guest;2;
guide;7;
guided;1;
guides;1;
guile;1;
guile--;1;
guilt;1;
guilty;1;
gulf-weed;1;
gulfs;1;
gull;1;
gums;1;
gun;17;
gun--;2;
gun-boat;1;
gun-boats;3;
gunner;1;
guns;11;
gurgling;1;
gurglings;1;
gutenberg-tm;56;
gutenberg-tms;1;
gutenbergs;1;
ha;2;
habit;1;
had;40;
had--;1;
hades;1;
haggard;2;
hail;3;
hailed;2;
hailing;1;
hails;2;
hair;2;
hair--;1;
hair-brains;1;
hale;1;
half;8;
half-breeds;1;
half-tattered;1;
hall;2;
halloa;2;
hallowed;1;
halls;2;
halt;2;
halting;1;
hamlet;1;
hamlets;1;
hammers;1;
hampered;1;
hand;26;
hand--;1;
hand--you;1;
handkerchief;1;
hands;6;
hang;2;
hanging;2;
hangs;2;
hapless;1;
happen;1;
happier;2;
happily;1;
happiness;1;
happy;7;
harbor;1;
hard;11;
hard--;1;
hardly;7;
hardness;1;
hardy;1;
hare--;1;
hark;2;
harmless;1;
harmoniously;1;
harmony;1;
harness;2;
harp;1;
harried;1;
harrowing;1;
harrys;1;
hart;2;
hartford;1;
harvest;1;
has;33;
hast;1;
haste;1;
hat;5;
hatched;1;
hate;13;
hath;1;
hatred;2;
hats;1;
haunted;2;
hauntedness;1;
haunts;2;
have;83;
haven;1;
having;1;
havoc;2;
hawk;1;
hay;1;
hazards;1;
haze;2;
haziness;1;
hazy;4;
he--;3;
he--disarmed--jail-worn;1;
head;11;
head--;1;
head-board;2;
head-stone;1;
head-stones;2;
heads--now;1;
heal;1;
healing;1;
healthy;1;
heap;3;
heaped;2;
heaps;1;
hear;9;
heard;6;
heard--the;1;
hearing;2;
hears;2;
hearse;1;
hearse-black;1;
heart;43;
heart--;1;
heart--childless--unwed;1;
heart--true;1;
heart-burst;1;
heart-of-oak;2;
hearth;3;
hearth--back;1;
hearth--my;1;
hearth-stone;1;
hearts;24;
heat;1;
heat--;1;
heath;1;
heathen;1;
heaved;3;
heaven;15;
heaven--what;1;
heavenly;1;
heavens;6;
heaves;1;
heaviest;1;
heavily;1;
heavy;2;
hecla;1;
hed;1;
heed;2;
heed--;2;
heed--take;1;
heeded;1;
heedless;1;
heeds;3;
heeds--;1;
height;9;
heights;3;
heir-loom;1;
held;16;
hell;5;
hell--tis;1;
helm;1;
helmed;1;
help;7;
help-cries;1;
helped;3;
helps;1;
hemlock;2;
hemmed;2;
henry;1;
her--;1;
her--ay;1;
her--not;1;
her--one;1;
herald;2;
heraldry;1;
herds;3;
here;45;
here--;2;
here--cuff--;1;
hereafter;1;
hereat;1;
hereof;1;
hereon;1;
heres;3;
herewith;2;
herman;4;
hero;1;
heroes;3;
heroic;2;
heroical;1;
hes;2;
hid;5;
hidden;4;
hide;3;
hider;1;
hiders;1;
hides;1;
high;8;
high-arching;1;
highest;1;
highlands;1;
hill;15;
hill--a;1;
hill-side;3;
hill-sides;1;
hillocks;1;
hills;6;
him--;4;
him--mosby--but;1;
him--social;1;
him--there;1;
hint;2;
hinted;1;
hinting;1;
hints;1;
his--;1;
hist;2;
historic;7;
histories;2;
hit;1;
hitherto;2;
hits;2;
ho;6;
hoar;3;
hobble;1;
hold;7;
holder;4;
holding;2;
holds;3;
hollow;2;
hollowness;1;
holy;2;
home;12;
home--;1;
home--his;1;
homeless--hunted;1;
homes;3;
homestead;1;
homestead--those;1;
homestead-shade;1;
homeward;2;
homily--man;1;
honest;6;
honestly-erring;1;
honor;8;
honorable;4;
honors;2;
hood;1;
hoof-prints;1;
hoof-spark;1;
hope;11;
hopeful;1;
hopeless;2;
hopes;1;
horde;1;
horn;1;
horned;1;
horrible;1;
horror;6;
horrors;1;
horse;10;
horseman;1;
horsemen;1;
horses;11;
horses--;1;
hosanna;2;
hospital;3;
hospital-tent;1;
host;7;
host--;1;
hostile;1;
hosts;6;
hound;1;
hour;6;
hours;2;
house;8;
house--madam;1;
house-top;1;
housed;1;
household;1;
households;1;
houseless;2;
houses;1;
hovers;2;
how;41;
however;10;
howling;1;
hoyden;1;
html;1;
https//gutenbergorg/license;1;
https//pglaforg;2;
https//pglaforg/donate;1;
https//pglaforg/fundraising;1;
https//wwwgutenbergorg;1;
https//wwwgutenbergorg/1/0/2/3/10234;1;
https//wwwgutenbergorg/1/2/3/8/12384/;1;
https//wwwgutenbergorg/2/4/6/8/24689;1;
https//wwwgutenbergorg/etext06;1;
https//wwwgutenbergorg/gutindexall;1;
https//wwwpglaforg;1;
hubbub;1;
hudson;1;
hudsons;1;
hue;4;
huge;6;
hugh;2;
hulks;1;
hulls;4;
human;6;
humane;1;
humanity;5;
humanly;1;
humble;1;
humbled;1;
humbles;1;
humid;1;
humiliation;1;
hummed;1;
hump;1;
hump-back;1;
humped;3;
hundred;5;
hundred-and-twenty-eight-pound;1;
hundreds;2;
hung;1;
hungry;1;
hunted;1;
hunter;1;
hurled;2;
hurrah;4;
hurricane;1;
hurrying;2;
hurt;6;
hurt--this;1;
husbanded;1;
hush;2;
hushed;3;
husky;1;
hustled;1;
hut;2;
huts;2;
huzzahs;1;
huzzas;1;
hydra-like;1;
hymn;3;
hymns;3;
hyperbole;1;
hypertext;1;
hypocritical;1;
ice;2;
ice-bound;1;
ice-glazed;1;
icy;2;
id;1;
idea;1;
ideal;1;
idealized;1;
identical;1;
identification;1;
identify;1;
idiot-pain;1;
ignorant;2;
ignored;1;
ii;3;
iii;1;
ill;7;
ills;2;
ills--;1;
im;2;
imagination;1;
imbuing;1;
immediate;4;
immediately;1;
immoderate;1;
immortal;1;
immures;1;
imp;1;
impart;1;
imparted;1;
impartial;1;
impartiality;1;
impartially;1;
impassioned;1;
impede;1;
impelled;1;
impelled--when;1;
impends;1;
imperfectly;1;
imperiled;2;
impious;2;
implied;4;
implore;1;
imply;1;
import;1;
important;3;
imposed;1;
impossible;1;
impression;1;
impressive;1;
imprint;1;
improbably;1;
imps;1;
impulse;5;
impulsive;1;
imputing;1;
in;764;
inaccurate;1;
inapplicable;1;
incessant;1;
incident;1;
incidental;1;
incidents;1;
incite;1;
incites;1;
inclosing;1;
include;1;
included;4;
includes;1;
including;10;
incomplete;1;
inconceivable;1;
increase;1;
increasing;1;
incurring;1;
indeed;2;
indemnify;1;
indemnity;1;
indentures;1;
india;1;
indian;5;
indians;3;
indicate;1;
indicating;1;
indicative;1;
indirect;1;
indirectly;3;
indispensable;2;
individual;4;
individuals;1;
indulgence;1;
inestimable;1;
infant;1;
infantry;1;
infantry--made;1;
infinite;1;
infix;1;
inflamed;1;
inflict;1;
inflicted;2;
influence;2;
influenced;1;
influential;1;
informal;1;
information;8;
infringement;1;
inhabiteth;1;
inheritors;1;
inhumanity;1;
iniquity;1;
inklings;2;
inland;4;
inner;1;
inquires;1;
inscribed;1;
inscription;2;
inscriptive;1;
inseparable;1;
insisted;1;
inspiration;1;
inspired;2;
instances;1;
instinct;2;
instinctive;1;
instinctively;1;
institutions;2;
instructing;1;
intellectual;3;
intelligent;1;
intense;2;
intense--;1;
intensity;1;
intent;4;
interblend;1;
intercourse;1;
interest;1;
interesting;1;
interests;1;
intermeddlers;1;
interminable;1;
intermit;1;
intermitted;1;
internal;1;
international;1;
interposed;1;
interpreted;1;
interred;1;
interval;2;
interview;1;
intestine;1;
intimated;1;
into;36;
intoxicatingly;1;
intrenchments;1;
intrepid;2;
intricate;1;
inured;1;
invader;3;
invalidity;1;
invasions;1;
invested;1;
investment;1;
invigorating;1;
invitation;2;
invoking;1;
involuntary;1;
involve;1;
involved;3;
involving;2;
inward;3;
inwoven;1;
iowa;1;
ire;2;
iris;2;
iron;15;
iron-clads;1;
irony;1;
iroquois;1;
irregular;1;
irremovable;1;
irs;1;
is;266;
island;1;
isle;1;
isolated;1;
israel;3;
issue;2;
issued;1;
it--an;1;
it--it;1;
it--sabaean;1;
it--she;1;
it--the;1;
itelf;1;
its;34;
iv;2;
ive;1;
jackson;4;
jackstraws;1;
jaded;1;
jam;1;
james;1;
jammed;1;
january;1;
jar;2;
jeers;1;
jennets;1;
jeopardy--dismissed;1;
jerk;1;
jerked;1;
jest;1;
jested;1;
jets;1;
jewel;1;
john;3;
johnson;1;
join;2;
joined;4;
joining;1;
jouncing;1;
jove;1;
joy;8;
joy-gun;1;
joyance;1;
joying;1;
joyless;1;
joyous;1;
joys;2;
jubilant;1;
judged;1;
judgment;1;
july;6;
jump;1;
juncture;1;
june;1;
jungles;1;
junior;1;
juny;1;
just;14;
justification;1;
justified;1;
justifies;1;
justly;5;
kaf;2;
kansas;1;
keel;3;
keels;2;
keen;2;
keep;7;
keeping;2;
keeps;1;
ken;2;
kenesaw;4;
kennel;1;
kensington;2;
kept;6;
key;1;
kill;3;
killed;16;
killing;1;
kilpatricks;2;
kin;3;
kind;12;
kindest;1;
kindle;4;
kindled;1;
kindliest;1;
kindliness;2;
kindling;3;
kindly;2;
kindness;3;
kindred;1;
king;7;
kings;4;
kinsman;1;
kinsmen;2;
kiss;1;
kisses--every;1;
kith;1;
knee;3;
kneeled;1;
knell--;1;
knew;7;
knew--;2;
knightly;1;
knot;1;
know;19;
know--;1;
know--a;1;
knowing;1;
knowledge;4;
known;7;
knows;2;
labored;1;
lace;3;
lace--;1;
lackawanas;1;
lad;4;
ladies;3;
lads;7;
lady;8;
ladys;2;
lags;1;
laid;8;
lain;3;
lair;1;
lair--;1;
lairs;1;
lake;3;
lakes;1;
lame;1;
lament;2;
lamented;1;
lamp;2;
lampless;1;
lancastrian;4;
lance;1;
lancing;1;
land;18;
land--;1;
land--what;1;
land-wind;1;
lands;2;
landscape;2;
language;2;
languid;1;
lank;1;
lapland;1;
large;8;
largely;2;
larger;5;
larking;1;
lashed;1;
last;34;
last--;1;
lasting;2;
late;26;
lately;1;
latent;1;
later;7;
latest;1;
latter;2;
laugh;3;
laughed;2;
laughing;3;
laughter;3;
launched;1;
launches;1;
laurel;2;
lavish;1;
law;10;
law--;1;
law-making;1;
lawless;1;
laws;12;
lay;15;
lay--;1;
lay--in;1;
lay--the;1;
lays;1;
lazy;1;
lc;1;
lead;13;
leader;7;
leaders;2;
leading;1;
leads;2;
leadsmen;1;
leaf--;1;
leaf-walled;1;
leafage;1;
leafless;1;
leafy;1;
leagued;1;
leagues;1;
lean;4;
leaned;2;
leap;1;
leaped;1;
leaping;1;
leaps;1;
learn;5;
learned;1;
least;4;
leave;6;
leaved;1;
leaves;4;
leaves--some;1;
leaving;3;
led;15;
ledge;1;
ledge--twas;1;
lee;16;
lees;4;
leesburg;2;
left;29;
leg;1;
legal;2;
legally;1;
legend;1;
legions;1;
legislation;4;
legislature;2;
lend;1;
lend--;1;
lends;1;
length;2;
lengthened;2;
leniency--unless;1;
lent;5;
leonidas;2;
less;16;
lesson;2;
lest;3;
let;33;
lets;1;
letter;1;
letter--;1;
letter--a;1;
letter--tis;1;
leveled;5;
leven;1;
levies;1;
lew;1;
lewd;1;
lexington;1;
liability;3;
liable;1;
libby;1;
liberal;1;
liberty;4;
libraries;1;
library;1;
libya;1;
license;15;
licensed;1;
lichens;1;
licked;1;
lie;9;
lie--;1;
lies;5;
lies--;1;
lieth;1;
lieu;3;
life;27;
life--;1;
lifeless;1;
lifes;4;
lift;2;
lifted;6;
light;22;
lighted;1;
lighteth;1;
lighting;2;
lightly;5;
lightning;1;
lightnings;2;
lights;2;
lightsome;1;
like;93;
likely;1;
likeness;1;
likewise;2;
lily;1;
limb;2;
limbs;1;
lime;2;
limitation;3;
limited;5;
limp;1;
limping;1;
lincoln;3;
lincolnite;1;
line;13;
line--;1;
lineage;1;
lined;1;
lines;3;
lingering;1;
lingers--lingers;1;
linked;3;
linking;1;
links;3;
lion;2;
lip;2;
lips;1;
liquid;1;
list;4;
listless;2;
lists;1;
lit;4;
literary;14;
literature;1;
litle;1;
little;16;
live;9;
live--outlive;1;
live-long;1;
lived;5;
livelong;1;
lives;3;
lives--unscathed--a;1;
livid;2;
living;4;
lo;3;
load;1;
loaded;1;
loath;1;
located;4;
locating;1;
locations;2;
lock;1;
locked;1;
lodged;2;
loftier;1;
log;1;
log--a;1;
log-built;1;
loiter;1;
loll;1;
lone;13;
lone--;2;
lonely;4;
lones;1;
lonesome;3;
long;39;
long--;1;
long-drawn;1;
long-sought;1;
longed;1;
longer;2;
longings;1;
longstreet;1;
look;15;
look--the;1;
look-out;2;
looked;7;
looking;5;
looks;7;
loom;3;
looming;2;
looped;1;
loose;2;
loosened;1;
lopped--;1;
lord;7;
lore;3;
lorn;2;
lose;3;
loss;2;
lost;16;
lost--;1;
lost-mountain;1;
lot;4;
loth;1;
loud;8;
loudon;2;
louisiana;1;
louisville;1;
louisvilles;1;
loutish;1;
love;8;
love-locks;1;
loved;2;
lover;1;
lovers;1;
loves;1;
low;16;
low--;1;
low-hanging;1;
lower;2;
lowered;1;
lowering;1;
lowland;1;
lowlands;1;
lowly;2;
loyal;2;
loyalty;1;
lucifer--;1;
lug;1;
luke;1;
lull;4;
lunging;1;
lures;1;
lurid;2;
lurk;1;
lurks;1;
lustihood;1;
lustily;1;
lusty;2;
lying;1;
lyon;14;
machiavelli--dissuade;1;
machine;1;
mad;3;
madam;1;
madcap;1;
maddock;2;
made;29;
made--;1;
madness;3;
magnanimity;3;
magnet;1;
magnolia--;1;
maid;3;
maiden;1;
mailed;1;
maimed;4;
main;4;
maine;2;
mainly;2;
maintained;4;
maintaining;1;
maintenance;2;
major;22;
make;16;
makes;2;
making;2;
malign;2;
maligner;1;
malvern;4;
mammons;1;
man;64;
man--;3;
man-of-sin;1;
manassas;6;
manassas--hark;1;
manassas-plain;1;
mane;1;
manful;1;
manhattan;1;
manhood;3;
maniacs;1;
manifold;1;
mankind;1;
manly;3;
manned;5;
manners;1;
mans;8;
mans--a;1;
manumitted;1;
many;18;
maple;1;
mar;1;
marble;2;
marbles;1;
march;12;
marched;7;
marches;1;
marching;21;
mare;2;
marge;4;
margin;1;
maria;1;
mariners;1;
mark;13;
mark--;1;
marked;8;
marks;4;
marl-glen;1;
marred;1;
marshaled;1;
marshes;1;
martial;1;
martyr;1;
martyr-passion;1;
martyrs;4;
marvel;1;
marvelous;1;
maryes;2;
maryland;1;
mask;1;
masks;1;
massacre;1;
massed;2;
massy;1;
master-riders;1;
mastered;1;
matchless;1;
mate;2;
maternal;1;
maternity;1;
mates;2;
matted;1;
matter;4;
mature;1;
matured;1;
maxims;1;
maximum;1;
may;79;
may-weed;1;
maze;2;
maze--;1;
mazed;1;
mcclellan;10;
mcclellan--;4;
mcclellans;2;
mcpherson;2;
mcpherson13;1;
mcphersons;2;
meadow;1;
meadow-larks;1;
meadows;1;
meagre;1;
meagreness;1;
mean;5;
meaning;2;
means;6;
meant;1;
meantime;2;
meanwhile;2;
measure;1;
measured;1;
measures;5;
mechanic;1;
medalled;1;
meddlers;1;
medicine;2;
meditation;2;
meditation--moods;1;
medium;5;
meek;3;
meekness;1;
meet;10;
meet--;2;
meeting;1;
meets;1;
melan;1;
mellowly;1;
melted;1;
melts;1;
melville;4;
members;2;
memorable;1;
memorial;2;
memories;1;
memory;10;
memorys;1;
men;78;
men--;1;
men--few;1;
menace;1;
menaced;1;
menaces;1;
mend;1;
merchant;1;
merchantibility;1;
mercy;1;
mere;2;
merrily;1;
merrimac;1;
meshach;1;
message;1;
messengers;1;
messieurs;1;
messmates;1;
met;15;
metal;1;
meteor;2;
method;2;
methods;1;
metropolis;1;
mexico;1;
michael;6;
michaels;2;
mid;8;
mid-sea;1;
middle;2;
middle-age;2;
middle-aged;1;
midmost;1;
midnight;8;
midst;1;
midway;2;
mien;3;
migdol;1;
might;11;
mighty;2;
mild;2;
mile;3;
miles;6;
miles--;2;
military;8;
milky;1;
mill;2;
million;1;
millions;2;
mind;14;
minds;2;
miner;1;
mingled;3;
mingling;2;
minister;1;
mink;1;
minnesota;1;
mired;1;
mires;1;
mirth;1;
misapplied--an;1;
mischance;1;
misgive;1;
misgiving;1;
misgivings;2;
mishap;1;
misjudge;1;
misled;1;
miss--;1;
mission;5;
missis;1;
missis--let;1;
mississippi;1;
mississipppi;1;
missives;1;
missouri;2;
mist;2;
mistake;1;
mistletoe;1;
mistrust;1;
mists;1;
mites;1;
mixed;1;
mob;1;
moccasin-snakes--such;1;
mocked;1;
moderation;1;
modern;1;
modification;1;
modified;1;
modify;2;
molest;1;
molochs;1;
moment;1;
momently;1;
moments;1;
money;3;
mong;1;
monitor;2;
monitors;2;
monks;1;
monongahela;1;
monster;2;
month;2;
months;2;
monument;4;
monuments;1;
mood;8;
moods;1;
moody;5;
moon;3;
moon-tinged--with;1;
moonless;1;
moonlight;2;
moor;1;
moor-like;1;
moorish;1;
moors;1;
moping;1;
more;55;
more--;4;
morn;9;
morn--;1;
morning;10;
morning-bugles;1;
mornings;4;
morrison;1;
morrows;1;
mortally;1;
mortar;1;
mosby;51;
mosby--;2;
mosby--a;1;
mosby--but;1;
mosby--caged;1;
mosby--graves;1;
mosby--guide;1;
mosby--ill;1;
mosby--not;1;
mosby--some;1;
mosby--start;1;
mosby--that;1;
mosby--the;1;
mosby-boys--why--clap;1;
mosby-land;2;
mosby-land--oh;1;
mosby-man;2;
mosbyll;1;
mosbys;40;
mosbys--so;1;
moses;1;
moss-neck;1;
most;7;
mother;3;
mothers;1;
moths;1;
motion;1;
motion--;1;
motives;1;
mottoed;1;
mottoes;1;
mould;4;
moulded;1;
mouldering;1;
moulds;1;
mound;3;
mounds;3;
mount;3;
mountain;10;
mountain--;1;
mountain-crew;1;
mountain-passes;1;
mountain-pool;1;
mountains;1;
mounted;3;
mounting;1;
mounts;2;
mourn;2;
mourned;1;
mourners;1;
mournful;1;
mournfully;1;
mouse--;1;
mouth;6;
mouth--;1;
move;5;
moved;2;
movement;1;
movements;1;
moves;3;
moving;1;
much;14;
muddy;1;
muffled;2;
multiply;1;
multitude;1;
multitudinously;1;
munitions;1;
murky;1;
muse;4;
mused;4;
musing;2;
musket-haze;1;
musket-range;1;
musketry;1;
musks;1;
must;46;
muster;2;
muster17;1;
mustered;1;
mute;4;
mutitudes;1;
muttered;1;
mutual;2;
my;27;
mysteries;2;
mysterious;2;
mystery;1;
mystify;1;
na;1;
nag;1;
nags;1;
nailed;1;
name;21;
name--;1;
named;3;
nameless;2;
names;5;
narrate;1;
narrated;1;
narrow;2;
narrowed;2;
narrowing;1;
narrowness;1;
nashville;1;
nathless;1;
nation;7;
national;10;
nationally;1;
nations;3;
natives;1;
nativity;1;
natural;8;
naturally;2;
nature;8;
nature9;1;
natures;11;
naught;8;
naval;1;
nave;1;
navies;2;
navy;1;
navy-yards;1;
nay;6;
nay--;1;
neapolitan;1;
near;14;
neared;1;
nearer;2;
nearest;2;
nearing;1;
nearly;3;
nearness;1;
nebulously;1;
necessarily;2;
necessary;1;
necessity;3;
neck;2;
neckerchief;1;
ned;1;
need;11;
needed;1;
needless;4;
needs;2;
neer-do-well;1;
negative;1;
neglect;1;
negligence;1;
negro;2;
negroes;1;
neighbor;1;
neighborhood;1;
neighbors;1;
neighed;1;
neither;3;
nerved;2;
nervous;1;
nervousness;1;
nest;2;
nettled;1;
network;1;
neutral;1;
never;43;
nevertheless;3;
new;11;
newby;1;
newcastle;1;
news;7;
news--and;1;
newsletter;1;
newspaper;2;
next;12;
nice;2;
nicked;1;
nigh;3;
nigh--;2;
nighest--;1;
night;32;
night--;1;
night--a;1;
night--come;1;
night--the;1;
night-fights;1;
night-ride;2;
night-tramp;1;
nightfall;1;
nights;2;
nile;1;
nimble;1;
nimbly;1;
nine;1;
nineveh;1;
nipped;1;
no;101;
noble;7;
nobleman;1;
nobleness;1;
nobler;1;
noblest;1;
nobly;3;
noblys;1;
nobodys;1;
nod;1;
nodded;1;
noise;2;
non;1;
non-combatants;1;
nonproprietary;1;
noon;2;
noon-day;1;
noon-winds;1;
noonday;1;
nor;40;
norman;1;
north;32;
north--;1;
northern;9;
northerner;1;
northwestern;1;
not;134;
not--not;1;
note;1;
noted;1;
notes;2;
nothing--even;1;
notice;3;
notifies;1;
novel;1;
november;7;
now;73;
now--;4;
now--you;1;
now-drifted;1;
number;11;
numbers;8;
numerous;2;
nursed;2;
nursing;2;
nurture;1;
nuts--;1;
nutting;3;
nutting--;2;
o;25;
oak;4;
oaken;2;
oaks;2;
oat-bag;2;
oath;1;
object;1;
obligatory;1;
obligiations;1;
oblivion--the;1;
obscure;2;
observances;1;
observed;2;
obsolete;1;
obsolete--;1;
obstruct;1;
obtain;3;
obtaining;2;
occasion;2;
occasions;1;
occupied;1;
occur;2;
ocean;3;
ocean--;1;
ocean-clouds;1;
oceanic;1;
oceans;1;
october;7;
odd;1;
odds;2;
ode;1;
odor;1;
oer;10;
oer--;1;
oercome;1;
of;966;
off;14;
offered;1;
offerings;1;
offers;1;
office;2;
office-gas;1;
officer;3;
officers;5;
official;3;
offspring;1;
oft;6;
often;3;
og;2;
ohio;1;
old;37;
old--;1;
old--is;1;
olden;2;
older;1;
ominous;1;
on;227;
on--;3;
once;7;
one;94;
one--;1;
one--cool;1;
one--dont;1;
one--the;1;
one--your;1;
one-armed;1;
ones;14;
ones--courage;1;
online;4;
only;13;
onset;3;
onward;1;
oozy;1;
opal;1;
open;5;
opened;1;
opening;1;
operating;1;
operatives;1;
opertively;1;
opinions;1;
opponents;1;
opportunities;1;
opportunity;1;
oppose;1;
opposed;1;
opposition;1;
oppress--;1;
oppressed;1;
oppression;2;
oppressors;1;
optimist-cheer;1;
orange;1;
orb;1;
orbit;1;
orchard;1;
orchard-sports;1;
orchards;1;
ordained;1;
order;7;
ordered;3;
orders;4;
ordnance;1;
organized;1;
orient;1;
origin;1;
original;3;
originally;1;
originated;2;
originator;1;
oriole;1;
orion;3;
orions;1;
orpheus;1;
others;10;
otherwise;3;
ought;2;
our;100;
out;42;
out--enough;1;
out--mosbys;1;
out-of-doors--;1;
outcast;1;
outdated;1;
outdoor;1;
outer;2;
outlasting;1;
outlaw;1;
outpost;2;
outran;1;
outright;1;
outside;3;
over;36;
overawe;1;
overborne--;1;
overcoats;1;
overgrown;1;
overgrown--;1;
overland;1;
overmuch;1;
overriding;1;
overrode--;1;
overthrow;1;
overthrown--;2;
overthrows--;1;
owe;2;
owed;1;
own;15;
own--;1;
own--what;1;
owned;1;
owner;5;
owns;2;
oxford;1;
pace;2;
pacific;1;
pacification;1;
page;3;
pageant;1;
pageantry;1;
pages;2;
pagod;1;
paid;7;
pain;7;
pains;5;
painted;1;
painting;2;
pair;1;
palatine;1;
pale;19;
pale--;2;
palely;2;
paling;2;
palisades;1;
pall;3;
pall--;1;
pall-cloth;1;
pallid;1;
palm;2;
palms;1;
palsy;1;
pampas--zebras;1;
pamphlet;1;
pang;1;
pangs;5;
pans--upon;1;
pansies;1;
pansy;2;
paper;3;
paper--wife;1;
paperwork;1;
parade;1;
paradise;1;
paragraph;11;
paragraphs;3;
parallel;1;
paralysis;1;
paramount;2;
paran;1;
parched;1;
parching;1;
parching--;1;
parchment;1;
pardon--that;1;
parlies;1;
parricides;1;
parrott;1;
part;10;
part--;2;
partake;1;
parted;1;
partial;1;
participated;1;
particular;2;
particularly;2;
parties;1;
parting;4;
partisan;3;
partisans;2;
partner;1;
parts;3;
party;5;
pass;8;
pass--;3;
passage;4;
passed;10;
passed--;1;
passes;1;
passing;2;
passion;10;
passionate;2;
passionately;1;
passions;2;
past;7;
pastoral;1;
patch;1;
patched;1;
paternal;1;
path;5;
pathos;2;
pathos--a;1;
patience;5;
patient;4;
patriarch;1;
patrician;3;
patriot;2;
patriot-band;1;
patriot-memory;1;
patriotic;3;
patriotism;3;
patriotism--not;1;
patriots;1;
pause;7;
paused;2;
pausing;1;
pavement;1;
pay;2;
pay-rolls;1;
paying;2;
payments;3;
pea;1;
peace;10;
peak;1;
peals;2;
peals--an;1;
pebbles;1;
peculiar;1;
peep;2;
peep--;1;
peeps;2;
peer;2;
peering;1;
peers;2;
pelican-beach--;1;
pell-mell;1;
pelted;1;
pen;3;
penal;1;
penitence;3;
penniless;1;
pennon;1;
pennons;1;
pensive;3;
people;31;
peopled;1;
peradventure;1;
perceive;1;
perch;2;
perchance;1;
perchange;1;
perfect;2;
perforce;4;
perform;1;
performances;1;
performed;1;
performing;3;
perhaps;7;
peril;5;
perilous;2;
perilously;1;
perils;2;
period;2;
periodic;1;
perish;2;
perished;1;
permanent;2;
permanently;1;
permission;7;
permitted;2;
perpetrated;1;
perpetuate;1;
perplex;1;
perplexed;3;
perplexities;2;
person;5;
personal;6;
personally;1;
personification;1;
persuade;1;
perused;1;
pervades;1;
perversity;1;
pervert;1;
perverted;1;
pestilence;1;
petersburg;3;
pets;1;
pg;1;
pglaf;1;
phantom;1;
phantom-host;1;
pharaohs;1;
pharisee;1;
pharsalias;1;
philanthropists;1;
philip;1;
phoebe;1;
photograph;1;
phrase;5;
physical;2;
pick;1;
picked;2;
picket;3;
picket-hut;1;
pickets;3;
picnic;1;
picture;4;
piece;3;
pieces;1;
pierced;1;
pigeons;1;
pigmy;1;
pile;1;
pilfered;1;
pillar;1;
pillars;1;
pilot;1;
piloted;1;
pinched;1;
pine;3;
pine-cones;1;
pine-grove;1;
pine-tops;1;
pines;4;
pinnacle;1;
piny;1;
pipe;2;
pipes;1;
pirate;1;
pistol;1;
pit;2;
pitiless;1;
pity;3;
pivot;1;
place;19;
place--;3;
placed;2;
placed--;2;
places;4;
plague-struck;1;
plain;11;
plain--they;1;
plainer;1;
plaining;1;
plaintive;1;
plan;5;
planet;1;
planet-like;1;
planets;1;
planned;1;
planted;2;
plants;1;
plates;2;
plaudit;1;
plausible;1;
plausibly;1;
play;9;
play--;1;
played;2;
plays;1;
plea;7;
plea--;2;
plead;1;
pleading;1;
pleads;1;
pleasant;1;
please;6;
pleasure-wooed;1;
pledge;2;
pleiads;2;
plenty;2;
plentys;1;
plied;1;
plight;5;
plight--;1;
plodded;1;
plot;1;
plot-work;1;
plotted;2;
plume;1;
plume--a;1;
plumed;2;
plump;1;
plums;1;
plunge;1;
plunged;4;
plunging;1;
plungings;1;
plutarch;1;
ply;2;
pm;2;
poet;1;
poetic;2;
poetical;1;
poetry;2;
poets;1;
poignant;1;
point;7;
pointed;2;
pointer;1;
poise;2;
policy;1;
policy--christianity;1;
polite;1;
politer;1;
political;2;
politically;1;
politicians;1;
pomp;1;
pompey;2;
ponderous;3;
pooh;2;
pool;2;
poor;9;
popes;2;
popular;1;
populations;1;
porch;2;
porches;2;
port;4;
port--;1;
portals;1;
portent;2;
porter;3;
portion;1;
portrait;1;
ports;1;
position;5;
possess;1;
possessed;2;
possession;1;
possibility;1;
possibly;1;
post;2;
post--;1;
posted;8;
posterity;1;
potamac;1;
potent;1;
potomac;2;
potomacs;2;
pounce;1;
pounded;1;
pour;1;
poured;2;
pouring;5;
pours;1;
power;12;
powerful;2;
powerless;1;
practical;1;
practically;1;
prairies;1;
praise;2;
prance--;1;
pray;8;
prayer;10;
prayers;2;
precedent;1;
precious;2;
precipice;1;
preparatives;1;
prepare;2;
preponderating;1;
presage;1;
presaged;1;
present;9;
presentation;1;
presented;1;
presentiment;1;
presenting;1;
presents;1;
preserve;1;
preserved;2;
president;1;
presidential;1;
press;4;
pressed;2;
preston;1;
presumably;1;
pretense;1;
prevailed;2;
prevailing;1;
prevent;1;
prevention;1;
previous;3;
prey;1;
price;1;
price--is;1;
pricked;2;
pride;14;
pride--;1;
priest;6;
priestly;1;
priests;2;
primal;1;
prime;8;
principal;1;
principles;3;
print;2;
printed;3;
prior;5;
prison;1;
prison-hospital;1;
prisoner--no;1;
prisoner18;1;
prisoners;3;
prisoners--let;1;
prisons;2;
private;4;
privates;2;
prize;1;
prizes;1;
prizing;1;
probable;1;
probed;1;
problem;3;
proceedings;2;
processing;1;
prodigal;1;
prodigy;1;
produce;1;
produced;4;
production;1;
profaned;1;
professed;1;
professional;1;
professor;1;
profit;1;
profits;1;
profound;1;
profoundly;1;
profuse;1;
progress;1;
prohibition;1;
project;87;
prolong;1;
prolonged;2;
prominently;2;
promiscuously;1;
promise;3;
promise--and;1;
promoted;1;
promoting;2;
promotion;1;
prompted;2;
promptly;2;
prone;1;
proof;2;
proofread;1;
property;2;
prophecy;1;
prophesy;1;
prophet;1;
prophetic;2;
prophets;1;
proposed;2;
propped;1;
proprietary;1;
proscribe;1;
prospect;1;
prosper;1;
prosphorus;1;
protect;2;
proud;9;
proudly;2;
prove;5;
proved;7;
proverb;1;
proves;1;
provide;7;
provided;5;
providence;1;
providing;4;
proving;1;
provision;1;
provisions;1;
provoke;2;
prow;2;
prowl;1;
prowling;1;
prows;1;
proxies;1;
proxy;1;
prudence;1;
public;12;
published;2;
puff;2;
pulled;1;
punch;1;
punches;1;
punctilious;1;
punitive;1;
punk;1;
pupilage;1;
pure;1;
purely;1;
purifies;1;
purpose;4;
purposed;1;
purposes;1;
purposing;1;
pursue;3;
pursue--;1;
pursued;1;
pursuer;1;
push;2;
put;1;
puts;1;
puzzled;1;
python--caught;1;
quail;1;
qualified;1;
qualities;3;
qualities--exalted;1;
quarrel;1;
quarrelled;1;
quarter;2;
quarter-deck;1;
quarters;1;
queenly;1;
queer;1;
quelled;4;
quenchless;1;
questions;3;
quick;7;
quiet;6;
quietude;1;
quills;1;
quit;1;
quite;4;
quotas;2;
race;5;
race--;1;
races;2;
racing;1;
racked--;1;
rafter;1;
ragamuffins;1;
rage;1;
ragged;1;
ragged-barked;1;
raging;1;
rags;1;
rail;2;
rails;1;
rain;1;
rain-beads;1;
rained;1;
rains;1;
raise;2;
raised;3;
raisin;1;
raking;1;
rallied;1;
rally;1;
rallying;2;
ram;3;
rammed;1;
ramrod;1;
ran;7;
ran--;2;
rancor;2;
rang;1;
range;5;
ranged;1;
rangers;2;
ranges;1;
ranging;2;
ranks;3;
ranks--;1;
raphael;1;
rapid;1;
rapidan;2;
rapids;1;
rapt;1;
rapture;1;
rare;3;
rare--;1;
rarer;1;
rasping;1;
rather;2;
rations;1;
rats;1;
rats--ship-rats;1;
rattle;1;
ravage;3;
ravaged;2;
raves;1;
ravine;2;
raw;1;
ray;3;
ray--;1;
rays;2;
re;1;
re-election;1;
re-enforcements;1;
re-established;1;
re-establishment;3;
re-use;2;
reaches;2;
reaching;1;
read;11;
read--;2;
read-guard;1;
readable;2;
reader;1;
readily;2;
reading;2;
readjust;1;
ready;2;
reap;2;
rear;5;
rear-guard;1;
rearmost;1;
reason;5;
reasonable;2;
reasons;1;
rebecca;1;
rebel;17;
rebelled;1;
rebellion;3;
rebellions;1;
rebels;8;
rebound;1;
rebounded;2;
rebounds;1;
rebs;1;
rebuild;1;
rebuke;1;
recall;5;
recalled;2;
recalled--;1;
recants;1;
receipt;2;
receive;3;
received;9;
receives;1;
receiving;2;
recent;2;
recess;2;
reciprocal;2;
recked;1;
recognition;1;
recoils--;1;
recollect;1;
recollecting;1;
recompense;1;
reconciled;1;
reconciliation;1;
reconstruction;3;
record;4;
records;2;
recovered--forced;1;
recriminations;1;
red;8;
reddish;2;
redeem;1;
redeemed;1;
redistribute;1;
redistributing;2;
redistribution;2;
redoubles;1;
redoubt;1;
redoubts;1;
reef;1;
reeled;1;
reference;1;
references;2;
refines;2;
reform;1;
refrains;1;
refuge;1;
refund;10;
regale;1;
regarded;1;
regards;2;
regiment;2;
regiments;3;
region;1;
regions;2;
registered;2;
regular;1;
regularly;1;
regulating;1;
reign;2;
rein;2;
rein--;1;
reins;1;
reinterred;1;
rejoice;1;
rejoined;1;
rekindled;1;
relates;1;
relaxed;1;
release;3;
released;2;
relent;1;
relent--;1;
relentlessly;1;
relief;2;
religion;1;
religious;1;
reluctance;1;
remain;4;
remained;1;
remaining;2;
remains;2;
remand;1;
remarkable;1;
remedied;1;
remedies;1;
remember;4;
remembrance;1;
reminded;1;
remiss;2;
remnant;1;
remorse;1;
remove;1;
removed;4;
renamed;2;
rend;1;
render;1;
renew;2;
renewal;1;
renouncing;1;
renown;5;
renown--;1;
renowned;1;
rent;3;
rents;1;
repaid;1;
repartee;1;
repeat;2;
repelled;1;
replace;3;
replaced;2;
replacement;5;
replant;1;
replied;1;
replies;2;
reply;2;
report;1;
reported;3;
reported--ed;1;
reporter;1;
reports;2;
repose;5;
reposed;1;
repossession;1;
represent;1;
representation;1;
representations;1;
representative;1;
representatives;1;
represented;1;
repress;1;
repressed;1;
repressive;1;
reproach;5;
reprobate;1;
reproduced;1;
republic;1;
republics;2;
request;1;
requiem;2;
require;2;
required;2;
requirements;4;
requires;1;
rescind;1;
rescue;1;
research;2;
resentments;1;
reserve;2;
reserves;2;
resolute;1;
resolutely;1;
resolved;1;
resort;1;
resound;2;
resounding;1;
resounds;1;
resources;1;
respect;2;
respite;1;
responded;1;
responding;1;
responsible;1;
rest;11;
restive;1;
restore;1;
restrictions;2;
result;2;
results;1;
retain;3;
retained;1;
retains;1;
retake;1;
retaliate;1;
retaliated;2;
retire;1;
retort;1;
retorted;1;
retrace;1;
retreat;9;
retreatings;1;
retreats;1;
retribution--;1;
retrieve;1;
retrieved;1;
retrospect;2;
return;10;
returned;4;
returns;3;
reunite;1;
reunited;1;
revealed;2;
revealing;1;
revel;1;
revelry;1;
revenue;1;
revere;2;
reverie;2;
reveries;1;
revering;1;
reverse;2;
reversed;2;
reverses;1;
revery;2;
review;3;
revisionary;1;
revisits;1;
reviving;1;
revolt;2;
revolution;2;
revolvers;1;
rheumatic;1;
rhyme;1;
rhymes;1;
ribald;1;
rich;2;
riches;1;
richmond;10;
richmonds;1;
ridded;1;
riddle;1;
riddled;1;
ride;10;
ride--;1;
rider;2;
riderless;1;
riders;3;
rides;4;
ridge;3;
ridge-side;1;
ridges;2;
riding;1;
rife;3;
rife--;1;
rifle;3;
rifle-crack;1;
rifle-pits;2;
rifles;3;
rifts;1;
right;34;
right--best;1;
right--go;1;
righteous;2;
righteousness;1;
rightful;1;
rightfulness;1;
rightly;1;
rights;1;
rigid;1;
rigidity;1;
rills;1;
rim;1;
ring;2;
ringeth;1;
ringing;1;
rings;1;
riot;1;
ripest;1;
ripping;1;
rise;3;
rising;2;
risk;1;
rites;2;
rival;1;
rivalry;1;
rive;1;
riven;1;
river;6;
river--;1;
river-batteries;1;
river-bluff;1;
rivers;4;
rivet;1;
rivets;1;
road;6;
roads--all;1;
roar;6;
roar--;1;
roared;1;
roaring;2;
roars;1;
roasts;1;
robert;1;
robes;1;
robin;1;
robins;2;
rocky;1;
rode;4;
rode--;1;
roll;8;
rolled;12;
rollicking;1;
rolling;3;
rolls;2;
roman;5;
rome;2;
romney;1;
roods;1;
roof;2;
roofy;1;
room--;1;
root;1;
rooted;1;
roots;1;
rope;1;
rope--;1;
ropes;2;
rose;1;
rosecrans;1;
roses;2;
roses--;1;
rosy;2;
rotting;1;
rouge;1;
round;18;
round-shot;1;
rounded;1;
roundly;1;
rounds;1;
rout;5;
routed;3;
royal;2;
royally;1;
royalties;2;
royalty;3;
rubbing;1;
ruddy;2;
rude;1;
rue;4;
rued;3;
rueful;1;
ruffians;1;
ruffled;1;
ruined;2;
ruins;1;
ruled;1;
rules;4;
rumble;1;
rumor;2;
run;9;
run--;1;
run--appear;1;
rung;1;
running;1;
runs;3;
rupert-plume;1;
rupture;1;
rush;6;
rushed;1;
rushes;1;
rushing;1;
rust;2;
rusted;2;
rustling;1;
ryhme;1;
s;2;
s/he;1;
sable--;1;
sable-draped--;1;
sabre-flash;1;
sabres;1;
sack;1;
sacked;1;
sacred;8;
sacrifice;1;
sad;7;
saddened;1;
saddle;1;
saddle-dreamers;1;
saddled;1;
saddles;1;
saddles--our;1;
sadly;1;
safe;1;
sage;1;
said;22;
said--;2;
said--well;1;
sail;1;
sailed;5;
sailing;1;
sailor;2;
sailors;6;
sails;2;
salamanders;1;
sallied;2;
sally;3;
salt;1;
salt-spring--the;1;
salvos;1;
same;12;
same--;1;
sanctioned;1;
sands;1;
sap;1;
saps;1;
sare;1;
sarpedon;2;
sash;1;
sashed;1;
sashes;1;
sassafras--;1;
sat;5;
satans;1;
saturday;2;
saturnians;1;
satyrs;1;
saucy;1;
savages;1;
savannah;1;
savannas;1;
save;6;
savory;1;
saw;10;
say;15;
say--;2;
says;6;
scabbards;1;
scale;1;
scales;1;
scan;2;
scanned;2;
scant;1;
scapegrace;1;
scar;2;
scar--;1;
scarce;2;
scared;2;
scarfs;1;
scarred;3;
scattered;1;
scattering;1;
scatters;1;
scene;2;
scene--;1;
scenes;1;
scheme;4;
scholar;1;
school;1;
school-boy;1;
scion;1;
scoff;2;
scorch;1;
scores;2;
scorn;3;
scorner;1;
scorning;2;
scott;1;
scourged;1;
scout;4;
scouting;1;
scouts;1;
scowl;1;
scream;3;
screaming--;1;
screamings;1;
screams;1;
screen;1;
screen--;1;
screened;1;
screw;1;
scrub-oaks;1;
scruples;1;
scudded;1;
sculptured;1;
scutari;1;
scuttle;1;
sea;18;
sea--a;1;
sea-ambuscades;1;
sea-fight;1;
sea-shore;1;
sea-wide;1;
seal;1;
seal--;1;
sealed;1;
sealed--;1;
seals;1;
search;6;
searched;1;
searching;1;
searching-parties;1;
seargeant;1;
seas;6;
seas--;1;
seat;5;
seat--;2;
seats;3;
secession;6;
secessionist;1;
secessionists;3;
secessions;1;
secluded;2;
second;9;
secret;3;
secretary;1;
secretly;1;
secrets;1;
section;8;
sections;1;
secure;2;
sedition;1;
seductive;1;
see;26;
see--;2;
seed;1;
seeds;1;
seeing;1;
seek;4;
seeking;2;
seem;9;
seemed;11;
seeming;3;
seems;4;
seen;15;
seen--;3;
seen--the;1;
seer;1;
sees;4;
sees--;1;
seest;1;
seized;3;
seldom;3;
self;4;
self-assertion;1;
self-contained;1;
self-scorn--;1;
selma;1;
semicircular;1;
seminaries;1;
seminarys;1;
senate-house;1;
senators;2;
send;2;
sending;1;
sends;2;
senior;2;
sense;7;
sensible;1;
sensitive;2;
sent;9;
sent--;1;
sentence;2;
sentences;1;
sentiment;2;
sentiments;1;
sentinel;1;
sentries;3;
separate;1;
september;1;
sequel;2;
seraph;1;
sergeant;1;
serious;1;
servant;1;
servant--lady;1;
servant--sought;1;
serve;2;
served;1;
service;1;
serviceable;1;
set;19;
setting;1;
settled;2;
seven;7;
seventy-four;1;
several;2;
severities;1;
shade;4;
shade--;1;
shade--their;1;
shaded;2;
shades;2;
shadow;5;
shadows;2;
shadowy;3;
shadrach;1;
shady;1;
shaft;2;
shagged;1;
shakes;2;
shakespeares;1;
shakspeares;2;
shall;86;
shallop--die;1;
shame;7;
shapes;1;
shard;1;
share;11;
shared;3;
shares;2;
sharing;3;
shark;2;
sharp;7;
sharpshooters;3;
sharpshooting;1;
shattered;1;
shawls;1;
shawm;1;
shed;2;
sheds;2;
sheen;1;
sheen--;1;
sheep;1;
sheer;1;
sheet;3;
shell;5;
shells;2;
shells--;1;
shenandoah;4;
shepherd;1;
sheridan;1;
sherman;6;
shermans;6;
shied;1;
shield;1;
shies--;1;
shifted;1;
shifted--;1;
shifting;1;
shiloh;3;
shiloh--;2;
shiloh16;1;
shimmers;1;
shine;2;
shine--;1;
shine--does;1;
shines;1;
shining;7;
ship;5;
ships;5;
ships--;1;
ships-of-the-line;1;
shivered;2;
shivering;2;
shoals;2;
shock;2;
shoe;1;
shoes;1;
shoes--;1;
shone;4;
shook;3;
shore;6;
shore--;2;
shores;3;
shoreward;1;
short;2;
shortly;2;
shot;11;
shots;1;
shotted;1;
should;26;
shout;5;
shouted;1;
shouting;2;
shouts;4;
show;11;
show--;2;
showed;13;
showed--;1;
shower;1;
showery;1;
showing;1;
showing--;1;
shown;3;
shows;8;
shrapnel;1;
shrapnels;1;
shreds;1;
shrewd;1;
shriek;1;
shrieks;2;
shrill;1;
shrilling;1;
shroud;5;
shrouded;2;
shroudless;1;
shrunken;1;
shun;5;
shutters;1;
shy;1;
shyer;2;
sibylline;1;
sibyls;1;
sick;2;
sick-room;1;
side;15;
side--;1;
sidelong;1;
sides;3;
siege;2;
sieging;1;
sigh;3;
sighed;4;
sight;6;
sight--saddest;1;
sign;1;
signal;3;
signally;1;
significance;1;
significant;2;
silence;3;
silenced;2;
silent;16;
silently;1;
silk;1;
silver;2;
silvery;1;
similar;1;
simms;1;
simple;1;
sin;5;
since;8;
sincere;1;
sincerest;1;
sincerity;1;
sinews;1;
sing;3;
singe;1;
singing;1;
single;2;
singled;1;
sings;1;
sings--a;1;
sinking;1;
sinner;1;
sir;5;
sire;3;
sires;2;
sirius;1;
siseras;1;
sister-rebel;1;
sisters;2;
sit;1;
site;5;
sits;1;
situation;1;
six;2;
sixteen;1;
skeleton;1;
skies;2;
skill;2;
skim;1;
skimming;1;
skims;1;
skirmish;1;
skirmish-line;1;
skirmishing;1;
skirt;2;
skulkers;1;
skull;2;
skurry;1;
sky;10;
sky-drawn;1;
slack;1;
slack--;1;
slackening;1;
slackness;1;
slag-ravine;1;
slain;7;
slants;3;
slave;2;
slave-interest;1;
slavery;3;
slaves;4;
slay;2;
sleek;1;
sleep;14;
sleeper;2;
sleeping;2;
sleepless;1;
sleeps;3;
sleepy;1;
sleet;6;
sleet-winds;1;
sleety;1;
sleight--;1;
slept;2;
slice;1;
slid;2;
sliding;3;
slim;1;
slimed;1;
sling;1;
slip;1;
slitting;1;
sliver;1;
slope;5;
sloped;2;
slopes;5;
sloping;1;
slow;3;
slowly;8;
slowly-smoked;1;
slumber;2;
slumberers;1;
slung;1;
slur;3;
sly;3;
slyboots;1;
slyly;1;
small;7;
smart;1;
smashed;1;
smile;2;
smiles;2;
smiting;1;
smoke;3;
smoked;8;
smooth;1;
smouldered;1;
snare;2;
snared;1;
snarl;1;
snatched;2;
sneered;1;
snow;4;
snow-clad;1;
snow-crust;1;
snows;3;
snowy;1;
snuffs;1;
snug;1;
so;100;
so--;1;
soaked;1;
soar;2;
soareth;1;
sob;1;
sobbing;2;
sober;2;
soberly;1;
social;1;
sod;1;
sodden;1;
softly;1;
soil;2;
solace;1;
solaced;1;
sold;1;
soldier;9;
soldier-chief;1;
soldier-doom;1;
soldier-trim;1;
soldier-view;1;
soldiers;15;
sole;2;
solely;3;
solemn;2;
solicit;2;
solicitation;1;
solicitude;2;
solicitude--urges;1;
solid;3;
solidity;1;
soliditys;1;
solitude;1;
solved;1;
solvers;1;
some;72;
sometimes;2;
somewhat;1;
son;3;
son7;1;
song;5;
soon;7;
sophomores;1;
sordid;1;
sore;6;
sort;2;
sortie;1;
sought;6;
soul;5;
souls;2;
sound;7;
sounder;1;
sounding;5;
sour;2;
source;1;
sources;2;
south;42;
south--;1;
south--whether;1;
southen;1;
southern;8;
southerner;1;
southerners;3;
southerners--their;1;
souths;2;
southsiders;1;
sovereign;1;
sowing;1;
spaded;1;
spain;1;
spake;6;
span;2;
spanish;1;
spanned;1;
spanned--;1;
spar;1;
spare;2;
spark;1;
spars;1;
spat;1;
spattered;1;
speak;13;
speaking;2;
speaks;4;
spear-point;1;
special;1;
specific;1;
specified;2;
spectacle;1;
spectral;1;
sped;2;
speeches;1;
speechless;1;
speed;3;
speeding;1;
speeds;2;
speedy;1;
spell;5;
spell--;1;
spell6;1;
spells;1;
spend;1;
spent;4;
spent--;1;
sphere;2;
spheres;1;
spices;1;
spied;6;
spied--enough;1;
spies;1;
spill;1;
spilt;1;
spin--;1;
spins;1;
spire;1;
spires;1;
spirit;11;
spirits;3;
spirits--say;1;
spite;8;
splashing;1;
spleen;3;
spleenful;1;
splendid;1;
splendor;1;
splendors;1;
splenetic;1;
splintering;1;
splints;1;
spoke;1;
spoken;2;
spokesman;1;
spontaneous;2;
sport;1;
sportful;1;
spot;1;
spottsylvanias;1;
sprang;1;
spray;1;
spread;6;
spreads;1;
spring;11;
spring-head;1;
springfield;1;
springing;1;
springs;2;
sprintly;1;
sprung;1;
spurious;1;
spurns;1;
spurred;3;
spurs;1;
spy;1;
squadrons;1;
square;2;
squeeze;1;
squirrel;1;
sr;1;
st;1;
stable;2;
stabs;1;
staff;3;
staid;1;
stain--;1;
stalactites;1;
stalked;1;
stamp;1;
stamped;1;
stand;11;
stand--;3;
standard;1;
standards;1;
standed;1;
stands;2;
stands--she;1;
stanza;1;
star;15;
star-browed;1;
starboard;2;
starch;1;
stared;1;
staring;1;
starry;5;
stars;7;
start;5;
started--gave;1;
starting;1;
startled;1;
state;9;
stately;1;
statements;1;
states;15;
station;1;
statue;1;
statues;1;
stature;1;
status;4;
staves;1;
stay;10;
stay-the;1;
stayed;2;
stays;1;
stead;1;
steadfast;2;
steady;1;
steady--dismount--form--and;1;
steal;1;
stealing;1;
steam;1;
steam-tug;1;
steed;4;
steed--how;1;
steeds;3;
steeds--;1;
steel;2;
steely;1;
steep;4;
steeped;2;
steeple;1;
steeps;1;
steepy;1;
steer;1;
stemmed;2;
step;1;
stepped;1;
stern;6;
stern-lights;1;
sterner;1;
steward--even;2;
stewards;1;
stick;2;
stiff;1;
stiffened;1;
stiffened--perished;1;
stigmatize;1;
still;37;
stilled;1;
stillness;2;
stilly;1;
stimulants;1;
sting;1;
stinging;2;
stings;1;
stir;4;
stirred;3;
stirring;3;
stirs;1;
stoic;1;
stole;1;
stone;18;
stone--;2;
stones;2;
stonewall;15;
stonewalls;3;
stoniness;1;
stony;1;
stood;19;
stood--;2;
stop;2;
stopped;2;
stops;1;
store;2;
stored;1;
stores;1;
storied;2;
storm;11;
storm--;1;
storm-beat;1;
storm-cloud;1;
storm-clouds;1;
stormed;4;
stormer;4;
stormers;3;
storming;2;
storms;4;
stormy;1;
story;7;
storys;1;
stout;2;
stoutly;2;
stove;1;
straight;2;
straightforward;1;
strain;6;
strain--;1;
strained;1;
straining;1;
strains;3;
strait;3;
strand;1;
strange;6;
strangely;1;
stranger;2;
stratagem;1;
strawberries;1;
streak;1;
streaks;1;
streaky;1;
stream;4;
streamed;4;
streaming;2;
streams;3;
strees;1;
street;3;
streets;2;
strength;10;
strength--;1;
stress;3;
stretch;1;
stretched;1;
stretching;2;
stricken;1;
strict;2;
stride;1;
strife;16;
strife--;1;
strike;3;
strikes;3;
strings;1;
stripling;3;
striplings;2;
strive;2;
strive--;1;
striven--;1;
strives;1;
striving;1;
stroke;1;
strong;24;
strong--;2;
strong-hold;3;
strong-holds;1;
stronger;1;
stronghold;1;
strongly;2;
strove;6;
strown;1;
struck;2;
struck--and;1;
struggle;1;
struggler;1;
stuart;3;
stuarts--a;1;
stubborn;2;
student-ailments--he;1;
students;1;
studious;1;
stuff;2;
stumbled;1;
stump--;1;
stumps;1;
stung;2;
stupor;1;
style;1;
subdirectory;1;
subdued;1;
subject;3;
subjected;1;
sublime;1;
submissiveness;1;
submit;1;
subordinate;1;
subscribe;1;
subsequent;1;
subsequently;1;
subserviency;1;
subterfuge;1;
subtle;1;
success;2;
successive;1;
successor;1;
such;49;
sudden;4;
suffer;1;
sufferance;1;
suffering;1;
suffrage;1;
suggest;1;
suggested;3;
suit;2;
suited;2;
suits;1;
sulking-fit;1;
sulphurous;1;
sultriness;1;
summer;3;
summering;1;
summers;1;
summit;1;
summit-cannon;1;
summoned;1;
summons;1;
sumter;1;
sumters;1;
sun;10;
sun-burst;1;
sun-scorched;1;
sunday;3;
sung;7;
sunk;5;
sunk--and;1;
sunk--made;1;
sunless;1;
sunlit;1;
sunniness;1;
sunny;3;
sunset;1;
sunsets;1;
superior;3;
superiority;1;
superlative;1;
superstition;1;
supped;1;
supplement;1;
supply;1;
support;6;
supported;1;
supposable;1;
supposed;1;
supposing;2;
supposition;1;
suppress;1;
sure;11;
sure--;1;
surely;2;
surf;3;
surface;1;
surfs;1;
surge;3;
surged;2;
surgeon;6;
surgeon--bluff;1;
surgeons;2;
surges;2;
surmise;1;
surprise;4;
surprise--;1;
surprised;2;
surrender;7;
surround;1;
survive;2;
surviving;1;
survivor;1;
susceptible;1;
suspected;1;
swallowing;1;
swallows;2;
swamp;5;
swamps;1;
swarm;2;
swarmers;1;
swarming;1;
swarms;2;
sway;7;
sway--;2;
swayed;2;
swaying;2;
swear;1;
sweep;5;
sweeping;2;
sweerly;1;
sweet;5;
sweet-fern;1;
swell;4;
swelled;4;
swept;3;
swerve;1;
swift;3;
swim;1;
swims;2;
swing;2;
swinging;2;
swoon;1;
swoons;1;
swoop;1;
sword;16;
sword--;1;
sword-points;1;
sworded;2;
swordless;2;
swords;2;
swung;2;
swung--;1;
syllables;2;
syllas;1;
symmetry;1;
sympathies;2;
sympathizing;1;
sympathy;1;
synonymous;1;
system;1;
systematic;1;
table;1;
table-cheer;1;
tableted;1;
taciturn;1;
take;18;
taken;2;
takers;1;
takes;5;
talk;3;
talkative;1;
talked;1;
tall;1;
taller;1;
tame;3;
tan-tara;3;
tangle;1;
tangled;3;
tap;1;
targed;1;
target;1;
tasked;1;
taste;1;
tat;1;
taught;1;
taught--;1;
taunts;1;
tavern;1;
tawny;1;
tax;6;
taxes;1;
tear;1;
tearless;1;
tears;2;
teased;1;
tecumseh--nay;1;
tecumsehs;1;
teeth;2;
tell;12;
tell--;1;
tell-tale;1;
telling;2;
temeraire;6;
temeraire3;1;
tempe;1;
temper;2;
temperate;1;
tempered;1;
tempering;1;
tempest;6;
tempest-tossed;1;
templars;1;
temple;2;
temporarily;1;
tempt;2;
tempted;1;
ten;3;
ten--;1;
tend;2;
tender;1;
tenderness;1;
tending;2;
tendoned;1;
tenedos;2;
tennessee;5;
tennessee--;1;
tent;7;
tent--;1;
tents;4;
terms;21;
terraces;1;
terrible;3;
terror;6;
terrors;4;
test;1;
test-oath;1;
testimony;1;
tewksbury;1;
texans;1;
texas;1;
than;30;
thank;1;
thankful;1;
thanks;1;
that--;1;
that--mosby;1;
thats;2;
thaw-lands;1;
the--buried;1;
thee;4;
theft;1;
their;168;
them--a;1;
them--field-pieces--captured;1;
them--some;1;
them--such;1;
themes;1;
then;60;
then--;1;
then--for;1;
then--perished;1;
theorists;1;
there;87;
there--;8;
there--ask;1;
thereby;1;
therefore;1;
therell;1;
theres;10;
theresa;1;
therewith;2;
thew;1;
theyd;1;
theyll;8;
theyre;2;
theyve;1;
thick;4;
thickets;1;
thief;1;
thigh;1;
thin;1;
thin--;1;
thin-laid;1;
thing;18;
thing--;1;
things;9;
think;10;
think--to;1;
thinks;1;
thinly;1;
third--a;1;
thirty;2;
this--a;1;
thitherward;1;
thou;11;
thou--desperate;1;
though;47;
though--hip;1;
thought;15;
thought--which;1;
thoughtful;1;
thoughts;16;
thousand;8;
thousands;4;
thralled;1;
thread;1;
threat;1;
three;11;
threescore;1;
threshed;1;
threw;2;
thrice;3;
thrill;1;
thrilled;1;
thrills--;1;
thrive;1;
thrives;1;
throbbed;1;
throe;2;
throes;2;
throng;3;
thronging;1;
throngs;4;
through;91;
throughout;4;
throw;1;
throwing;1;
thrown;8;
throws;1;
thrusts;1;
thumped;1;
thunder;1;
thunder-cracks;1;
thundered;2;
thunders;5;
thursday;1;
thursdays;1;
thus;6;
thwarted;2;
thy;4;
thyself;1;
tide;7;
tide-mark;1;
tidings;2;
tie;1;
tied;1;
tiered;1;
ties;1;
tigers;1;
tight;1;
tighten;1;
till;19;
timbrels;1;
time;31;
time--;1;
time-stained;1;
timed;1;
timely;1;
times;11;
tingles;1;
tiny;1;
tipped;1;
tis;23;
tit;1;
tital;1;
titanic;1;
titians;1;
title;1;
to-day;4;
to-do;1;
to-morrow;1;
to-night;3;
tobacco;1;
together;5;
toil;1;
toiled;1;
token;1;
tokens;1;
told;4;
tomb;2;
tongue--;4;
too;22;
too--;2;
took;8;
top;2;
tops;1;
torch;1;
torn;2;
torpedo-launch;1;
torrent;2;
torrent-torn;1;
torrents;2;
toss;1;
total;1;
totters;1;
touched;2;
touching;1;
touchy;1;
tough;1;
tow;1;
toward;23;
tower;4;
towering;1;
towers;2;
town;13;
town--;1;
town-faction;1;
towns;1;
tows;1;
trace;4;
tracelessness;1;
traceries;1;
traces;1;
trademark;10;
trademark/copyright;1;
trades;1;
trafalgar;1;
tragedy;2;
train;2;
traitors;2;
traits;1;
tramped;1;
trampling;1;
trance;3;
tranching;1;
tranquil;1;
transcended;1;
transcending;1;
transcribe;1;
transcription;1;
transfigured;1;
transition;1;
transitions;1;
transitory;1;
transport;2;
transportation;1;
transported;1;
transports;1;
travel-spent;1;
travelers;1;
traverse;1;
treacherous;1;
treason;2;
treasons;1;
treat;2;
treated;3;
treatment;2;
trebled;1;
trebly;1;
tree;8;
tree--that;1;
tree-tops;1;
trees;11;
trench;2;
trenched;1;
trial;2;
trials--we;1;
tribes;2;
tribute;1;
trickery;1;
tried;3;
tried--;1;
tries;1;
trigger;1;
trim;3;
trimming;1;
triple;1;
trips;1;
triumph;9;
triumphant;2;
troop;5;
trooped;1;
trooper;1;
troopers;2;
trooping;1;
troops;4;
troops--and;1;
trophy;2;
trouble;1;
troubled;1;
truce;1;
true;12;
true-blue;1;
truest;1;
trumpet;3;
trunk;1;
trust;3;
trust--who;1;
truth;4;
truth--namely;1;
truths;1;
try;3;
trying;1;
tryon;1;
tumult;1;
turbaned;1;
turbid;1;
turbulent;1;
turn;10;
turned;13;
turned--reb;1;
turner;1;
turning--captain;1;
turns;2;
turns--the;1;
turret;3;
turreted;2;
tut;1;
twain;1;
twas;4;
tween;2;
twenty;1;
twenty-two;1;
twice;1;
twig;1;
twill;2;
twine;1;
twined;1;
twinkling;1;
twixt;1;
two;11;
twould;1;
type;1;
types;1;
tyrannic;1;
tyrannies;1;
tyranny;1;
ugh;2;
ultimate;1;
ultimately;2;
umbrella;1;
unabated;1;
unallied;1;
unanointed;1;
unanswered;1;
unappalled--;1;
unarmed;3;
unavenged;1;
unavoidable;1;
unavoidably;1;
unavowed;1;
unaware;1;
unbecoming;1;
unblest;1;
uncertain;1;
uncertainty;1;
unconquerably;1;
uncooled;1;
undeceive;1;
under;26;
underbrush;1;
undergo;1;
undergone;1;
undergrowth--;1;
undermined;1;
underminings;1;
understand;1;
undertake;1;
undertoned;1;
undismayed;1;
undisturbed;1;
undone;3;
undone--;1;
undoubtedly;1;
undue;1;
undulating;1;
unenforceability;1;
unenriched;1;
unfaltering;1;
unfalteringly;1;
unfathomable;1;
unfitly;1;
unflagging;1;
unfold;1;
unforeseen;1;
unforgivable;1;
unfortunate;1;
unfraternal;1;
ungenerous;1;
unhappy;2;
unheeded;1;
unhelmed;1;
unhewn;1;
unhorsed;1;
uniform;2;
uniforms;1;
uninitiate;1;
uninscribed;1;
union;10;
union--;1;
unionists;1;
unions;1;
united;10;
unity;1;
universal;1;
unkindly;1;
unknown;2;
unknown--;2;
unless;5;
unlicensed;1;
unlike;2;
unlimited;1;
unlink;1;
unmarred;1;
unmeet;1;
unmerited;1;
unmindful;1;
unmixed;1;
unmoor;1;
unmoors;1;
unpausing;1;
unprecedented;1;
unprosperously;1;
unquelled;1;
unreasonably;1;
unrebuked;1;
unreserve;1;
unreserved;1;
unretarded;1;
unsafe;1;
unscared;1;
unscarred;1;
unseen;2;
unshriven;1;
unsolicited;1;
unsought;1;
unsounded;1;
unspied;1;
unstirring;1;
unsubmerged;1;
unswallowed;1;
untied;1;
until;3;
unto;6;
untried;1;
unwise;1;
unwonted;1;
unworthy;1;
up;45;
up--;2;
up--a;1;
upbraid;1;
upbraiding;1;
updated;1;
upheaved;1;
upheavel;1;
uplands;1;
uplift;1;
upon;42;
upread;1;
uprearing;1;
uproarious;1;
upward;1;
urbane;1;
urchins;1;
urge;2;
urged;5;
urgent;1;
urges;1;
urging;1;
urned;1;
us--handsome--well;1;
us--too;1;
usage;1;
use;11;
used;4;
user;3;
using;5;
ut;1;
utilitarian;2;
utilize;1;
utter;1;
utterance;1;
vacant;2;
vagabonds;1;
vague;3;
vaguely;1;
vain;19;
vainly;4;
vale;1;
vale--;1;
valentine;1;
vales;1;
valiant;1;
valley;5;
valley-folk;1;
valleys;1;
valor;4;
valorous;1;
valparaiso;1;
van;5;
van--;1;
vanilla;3;
vanish;1;
vanities;1;
vanquished;2;
vapors;2;
variable;1;
variance;1;
varied;3;
varies;1;
variety;1;
various;3;
varuna;1;
vast;3;
vasty;1;
vaulted;1;
vaults;1;
vedder;1;
veil;3;
veil--withdraw;1;
veiled;1;
veils;1;
vein;2;
veins;1;
venerable;1;
vengeance;1;
venom;1;
ventured;1;
verge;2;
verified;1;
verify;1;
verities;1;
vernal;3;
verse;4;
verses;2;
versified;1;
version;1;
versions;1;
very;4;
vessels;1;
vesuvius;1;
veteran;2;
veteran-rags--;1;
veterans;2;
vexing;1;
vicissitudes;1;
vickburg;1;
vicksburgh;1;
victor;5;
victories;1;
victorious;4;
victors;2;
victory;24;
victorys;3;
vie;1;
view;18;
viewed;1;
viewing;1;
views;2;
vigilance;2;
vile;1;
villages;1;
villas;1;
vim;1;
vindicated;1;
vindictive;1;
violates;1;
violation;1;
violence;1;
violent;1;
violets;2;
virgils;1;
virginia;4;
virginia19;1;
virginian;5;
virginians;2;
virginians--alabamians--mississippians--kentuckians;1;
virginias;1;
virtues;1;
virus;1;
vision;3;
visit;3;
visitor;1;
vivid;2;
voice;5;
voices;1;
void;2;
volley;4;
volley--let;1;
volleys;1;
vollied;2;
volume;2;
volumes;1;
voluminously;1;
voluntary;1;
volunteer;2;
volunteers;7;
vomited;1;
votes;1;
vow;2;
voweled;1;
vows;1;
vying;1;
wading;1;
wafered;1;
wag;2;
wage;1;
waged;2;
wagon;4;
wagons;1;
wail;1;
wailing;1;
wails;2;
wait;3;
wait--;1;
wait--even;1;
waiting;4;
waits;2;
waive;1;
waiving;1;
wake14;1;
wakeful;3;
wakes;1;
wakes--;1;
walks;3;
wall;9;
wallace;1;
walled;3;
walls;5;
wan;4;
wandered;1;
wandering;1;
wane;1;
want;1;
wanted;1;
wanting;1;
wantonly;1;
war;69;
war--;3;
war--from;1;
war-paint;1;
war-path;1;
war-smoke;1;
ward;1;
ware;2;
warfare;3;
warm;8;
warm--;1;
warning;2;
warnings;1;
warrant;2;
warranties;3;
warranty;2;
warred;8;
warring;5;
warrior;3;
warrior-carriage;1;
warrior-monument;1;
warriors;2;
wars;19;
wars--;1;
warships;1;
wary;2;
was;176;
was--thought;1;
washed;6;
washington;3;
wasp;1;
wasps;1;
waste;2;
wasted;2;
wastes;1;
watch;4;
watcher;2;
watches;2;
watching;1;
watchmen;1;
watchword;1;
water;2;
water-batteries;2;
water-shed;1;
waters;6;
watery;1;
wave;7;
wave--;1;
waved;1;
waves;6;
waving;3;
waxes;1;
way;29;
way--;1;
way--a;1;
waylay;1;
ways;5;
wayside;1;
wayward;1;
we--at;1;
weak;2;
weakness;1;
wear;1;
wears;1;
weary;6;
weather;4;
weathers;1;
web;6;
wed;1;
wedding;1;
wedges;1;
wednesday;2;
weed;5;
weeds;1;
weedy;1;
weeks;3;
weep;2;
weeping;4;
weeps;1;
weigh--consider--look;1;
weight;2;
weird;2;
welcome;3;
welcomed;1;
welcoming;1;
welded;1;
well;50;
well--blood;1;
well--thoult;1;
well-known;1;
welled;1;
wend;1;
wended;1;
went;34;
went--;1;
went--so;1;
were;90;
were--;2;
west;5;
western;3;
wet;2;
weve;3;
whaler;1;
whalers;1;
wharves;1;
whats;2;
whatsoever;2;
wheel;1;
wheeling;2;
wheeze;1;
wheezed;1;
wheezy;1;
whelming;2;
when--crack;1;
whence;3;
whenever;1;
whereby;1;
wherefore;1;
whereon;1;
wheres;4;
wherever;1;
whether;2;
whichever;1;
whiff;1;
while;31;
whirl;1;
whirling;1;
whirlings;1;
whispered;2;
whisperer;1;
white;15;
white-ash;1;
white-week;1;
whitens;1;
whites;1;
whitish;1;
who--stunned;1;
whole;5;
wholl;1;
wholly;3;
whoop;1;
wide;5;
wide--;1;
wide-open;1;
widely;2;
widened;1;
widest;2;
widow;1;
wife--;1;
wig;1;
wight;2;
wild;10;
wilder;1;
wilderness;11;
wilding;1;
wilds;6;
wiles;3;
will;41;
will--;2;
will--represent;1;
willed;1;
william;1;
willing;1;
wilt;1;
wily;1;
win;5;
win--;1;
wind;13;
wind--pray;1;
winding;1;
window;3;
windows;1;
winds;4;
wine;2;
wing;5;
wings;3;
winked--did;1;
winnowed;1;
wins;1;
winter;7;
winter-fight;1;
winter-victory;1;
wintry;1;
wires;1;
wisconsin;1;
wisdom;3;
wise;9;
wisely;2;
wisest;1;
wish;3;
wistful;1;
with;269;
withdraw;3;
withdrawal;1;
withdrawn;3;
wither;3;
withering;2;
withers;1;
withheld;2;
withhold;1;
withholding;1;
within;17;
without;24;
withstood;1;
witness;1;
wives;2;
wizard-heart;1;
wizens;1;
woe;6;
woeful;2;
woes;1;
woman;1;
womans;2;
women;1;
won;12;
won--;2;
wonder;2;
wonderment;1;
wondrous;3;
wont;3;
wonted;1;
woo--;1;
wood;20;
wood-craft;1;
wood-hung;1;
wooded;1;
wooden;2;
woodland;2;
woodlands;2;
woodmans;1;
woods;8;
wool;3;
wool--;1;
word;5;
worden;1;
words;8;
wore;3;
work;54;
works;38;
world;7;
world--;1;
worlds;3;
wormwood;1;
worn;3;
worn-out;1;
worse;1;
worst;1;
worsted;1;
worth;1;
worthier;1;
worthy;1;
would;39;
wouldst;1;
wound;2;
wounded;11;
wounding;1;
wounds;3;
wrapped;1;
wrath;1;
wreak;1;
wreath;8;
wreath--;1;
wreathe;1;
wreathed;1;
wreaths;1;
wreck;3;
wrecks;2;
wrinkles;1;
write;1;
writer;1;
writers;1;
writes;1;
writhed;1;
writing;3;
written;8;
wrong;10;
wrote;1;
wrought;6;
wwwgutenbergorg;3;
yard;1;
yawls;1;
ye;2;
yea;5;
year;8;
yearn;3;
yearned;1;
yearning;3;
years;21;
yell;3;
yell--;1;
yelling;1;
yellow;2;
yellowish;1;
yells;1;
yelped;1;
yeoman;1;
yes;2;
yester-morn;1;
yesterday;2;
yet;86;
yewton;1;
yield;5;
yielded;2;
yielding;2;
yields;3;
yoke;1;
yon;9;
yonder;4;
yonder--see--are;1;
yonder--tell;1;
york;1;
yorkist;4;
youd;1;
youll;3;
young;19;
young--;1;
your;65;
youre;4;
yours--your;1;
youth;9;
youthful;1;
youths;1;
zeal;2;
zealots;1;
zenith;1;
zest;1;
zigzags;1;
zion;1;
zipped;1;
zone;1;
zones;1;
